ref_ceh;ano_hidr;resano;salano;entano;tipo_dato_id;orig_dato_id
1627;1962;;;;2;1
1627;1963;420.15;3184.618;3068.968;2;1
1627;1964;304.5;1377.242;1457.942;2;1
1627;1965;385.2;5647.761;5329.561;2;1
1627;1966;67;2888.336;2876.236;2;1
1627;1967;54.9;2070.343;2378.143;2;1
1627;1968;362.7;4509.138;4655.538;2;1
1627;1969;509.1;4090.444;3754.444;2;1
1627;1970;173.1;2260.57;2519.17;2;1
1627;1971;431.7;3260.269;3216.469;2;1
1627;1972;387.9;2168.796;2063.896;2;1
1627;1973;283;2419.278;2449.178;2;1
1627;1974;312.9;1836.847;1637.547;2;1
1627;1975;113.6;1322.335;1387.465;2;1
1627;1976;178.73;4607.954;4863.944;2;1
1627;1977;434.72;4146.327;4175.537;2;1
1627;1978;463.93;5604.414;5605.014;2;1
1627;1979;464.53;2898.564;2772.074;2;1
1627;1980;338.04;2036.863;1977.753;2;1
1627;1981;278.93;2209.032;2258.358;2;1
1627;1982;328.256;3861.164;3653.819;2;1
1627;1983;120.911;2807.568;2803.236;2;1
1627;1984;116.579;3901.609;4049.405;2;1
1627;1985;264.375;2752.292;2639.136;2;1
1627;1986;151.219;1704.77;1783.223;2;1
1627;1987;229.672;4157.002;4096.863;2;1
1627;1988;169.533;1135.405;1217.541;2;1
1627;1989;251.669;1912.648;1757.617;2;1
1627;1990;96.638;2767.04;2801.095;2;1
1627;1991;130.693;1402.985;1512.488;2;1
1627;1992;240.196;2497.895;2527.141;2;1
1627;1993;269.442;3621.724;3539.212;2;1
1627;1994;125.572;2899.809;2834.945;1;1
1627;1995;163.51;3624.052;3661.99;1;1
1627;1996;291.253;1944.094;2071.837;1;1
1627;1997;239.749;3853.475;3801.971;1;1
1627;1998;253.578;1952.938;1966.767;1;1
1627;1999;161.471;2623.134;2531.027;1;1
1627;2000;62.268;6275.806;6176.603;1;1
1627;2001;197.031;1137.335;1272.098;1;1
1627;2002;161.629;3308.842;3273.44;1;1
1627;2003;60.46;2050.867;1949.698;1;1
1627;2004;187.973;1174.463;1301.976;1;1
1627;2005;228.773;1956.49;1997.29;1;1
1627;2006;250.926;3004.114;3026.267;1;1
1627;2007;225.605;1563.823;1538.502;1;1
1627;2008;210.013;2520.62;2505.028;1;1
1627;2009;166.113;3858.811;3814.911;1;1
1627;2010;;2906.518;;1;1
1627;2011;121.17;957.761;;1;1
1627;2012;158.71;3474.683;3512.223;1;1
1627;2013;152.74;3157.612;3151.642;1;1
1627;2014;218.97;1959.523;2025.753;1;1
1627;2015;302.53;3111.529;3195.089;1;1
1627;2016;152.29;1108.59;958.35;1;1
1627;2017;221.25;2722.076;2791.036;1;1
1627;2018;393.47;1733.202;1905.422;1;1
1627;2019;222.67;3408.516;3237.716;1;1
1627;2020;183;2907.93;2868.26;1;1
1629;1955;134.35;3589.3;3629.4;2;2
1629;1956;166.85;1549.5;1530.9;2;2
1629;1957;148.25;2744;2763.8;2;2
1629;1958;168.08;2653.638;2650.032;2;1
1629;1959;164.474;6556.81;6551.286;2;1
1629;1960;158.95;4830.373;4803.073;2;1
1629;1961;131.65;3077.421;3111.421;2;1
1629;1962;165.65;2687.126;2693.476;2;1
1629;1963;172;3284.928;3285.978;2;1
1629;1964;173.05;1253.733;1252.433;2;1
1629;1965;171.75;5383.368;5390.068;2;1
1629;1966;178.45;2810.808;2805.008;2;1
1629;1967;172.65;2122.338;2121.138;2;1
1629;1968;171.45;4375.391;4365.591;2;1
1629;1969;161.65;3838.087;3851.787;2;1
1629;1970;175.35;2138.892;2133.892;2;1
1629;1971;170.35;3008.388;3014.388;2;1
1629;1972;176.35;2159.127;2159.027;2;1
1629;1973;176.25;2361.528;2364.928;2;1
1629;1974;179.65;1823.723;1808.923;2;1
1629;1975;164.85;1381.821;1386.021;2;1
1629;1976;169.05;4628.457;4633.157;2;1
1629;1977;173.75;4472.021;4397.221;2;1
1629;1978;98.95;5655.753;5721.653;2;1
1629;1979;164.85;3182.181;3174.181;2;1
1629;1980;156.85;2201.8;2214.8;2;1
1629;1981;169.85;2376.138;2353.438;2;1
1629;1982;147.15;4103.369;4127.327;2;1
1629;1983;171.108;2967.329;2950.293;2;1
1629;1984;154.072;4149.738;4107.816;2;1
1629;1985;112.15;2794.412;2859.074;2;1
1629;1986;176.812;1805.921;1793.838;2;1
1629;1987;164.729;4348.907;4361.725;2;1
1629;1988;177.547;1145.569;1139.849;2;1
1629;1989;171.827;1991.727;1993.482;2;1
1629;1990;173.582;2902.484;2904.355;2;1
1629;1991;175.453;1503.643;1507.107;2;1
1629;1992;178.917;2613.632;2613.844;2;1
1629;1993;179.129;3798.189;3796.607;2;1
1629;1994;156.185;2602.36;2580.998;1;1
1629;1995;179.234;3507.34;3530.389;1;1
1629;1996;165.43;1798.573;1784.769;1;1
1629;1997;175.035;3594.389;3603.994;1;1
1629;1998;178.284;1759.493;1762.742;1;1
1629;1999;174.412;2673.963;2670.091;1;1
1629;2000;113.86;7276.888;7216.336;1;1
1629;2001;173.478;1095.637;1155.255;1;1
1629;2002;116.694;3599.457;3542.673;1;1
1629;2003;133.21;2115.378;2131.894;1;1
1629;2004;178.6;1187.614;1233.004;1;1
1629;2005;178.442;2049.423;2049.265;1;1
1629;2006;177.652;3189.767;3188.977;1;1
1629;2007;177.968;1592.065;1592.381;1;1
1629;2008;177.705;2548.153;2547.89;1;1
1629;2009;177.757;4024.084;4024.136;1;1
1629;2010;138.48;3030.038;2990.761;1;1
1629;2011;176.55;944.052;982.122;1;1
1629;2012;177.6;3681.614;3682.664;1;1
1629;2013;178.231;3505.828;3506.459;1;1
1629;2014;177.34;2183.083;2182.192;1;1
1629;2015;178.44;3261.778;3262.878;1;1
1629;2016;155.75;1178.071;1155.381;1;1
1629;2017;176.13;2957.838;2978.218;1;1
1629;2018;176.13;1892.825;1892.825;1;1
1629;2019;178.49;3656.906;3659.266;1;1
1629;2020;167.54;3114.462;3103.512;1;1
1631;1970;14.7;6960.4;6961.23;2;1
1631;1971;15.53;7994.896;7994.456;2;1
1631;1972;15.09;6492.26;6490.71;2;1
1631;1973;13.54;6795.868;6795.568;2;1
1631;1974;13.24;4915.902;4916.042;2;1
1631;1975;13.38;3928.022;3927.412;2;1
1631;1976;12.77;11815.647;11818.047;2;1
1631;1977;15.17;11443.042;11437.422;2;1
1631;1978;9.55;14182.951;14187.071;2;1
1631;1979;13.67;7709.714;7711.364;2;1
1631;1980;15.32;5082.196;5079.926;2;1
1631;1981;13.05;6481.439;6484.336;2;1
1631;1982;15.947;7826.419;7824.467;2;1
1631;1983;13.995;6792.703;6793.857;2;1
1631;1984;15.149;9081.523;9081.278;2;1
1631;1985;14.904;5105.572;5105.138;2;1
1631;1986;14.47;4227.032;4224.325;2;1
1631;1987;11.763;9284.732;9287.776;2;1
1631;1988;14.807;3121.307;3121.453;2;1
1631;1989;14.953;4445.549;4444.405;2;1
1631;1990;13.809;5704.791;5704.467;2;1
1631;1991;13.485;3069.335;3070.272;2;1
1631;1992;14.422;4545.03;4544.277;2;1
1631;1993;13.669;8070.787;8071.067;2;1
1631;1994;14.472;6115.787;6115.885;1;1
1631;1995;14.956;9232.724;9233.208;1;1
1631;1996;12.411;4802.869;4800.324;1;1
1631;1997;12.15;8513.05;8512.789;1;1
1631;1998;12.543;4439.75;4440.143;1;1
1631;1999;13.032;8099.82;8100.309;1;1
1631;2000;12.455;19180.67;19180.093;1;1
1631;2001;13.881;3160.456;3161.882;1;1
1631;2002;13.579;10290.664;10290.362;1;1
1631;2003;13.74;6608.993;6609.154;1;1
1631;2004;14.022;4011.292;4011.574;1;1
1631;2005;13.928;5580.462;5580.368;1;1
1631;2006;13.951;9036.398;9036.421;1;1
1631;2007;13.881;4803.115;4803.045;1;1
1631;2008;14.258;6503.768;6504.145;1;1
1631;2009;13.672;11849.19;11848.604;1;1
1631;2010;14.76;7992.937;7994.025;1;1
1631;2011;14.52;3831.229;3830.989;1;1
1631;2012;13.533;9682.434;9681.447;1;1
1631;2013;13.858;11107.961;11108.286;1;1
1631;2014;4.3;7350.204;7340.646;1;1
1631;2015;14.14;10991.22;11001.06;1;1
1631;2016;10.59;3703.21;3699.66;1;1
1631;2017;11.26;7392.355;7393.025;1;1
1631;2018;13.03;5676.976;5678.746;1;1
1631;2019;11.35;9995.283;9993.603;1;1
1631;2020;14.12;8539.387;8542.157;1;1
1634;1970;26.32;7525.043;7548.063;2;1
1634;1971;49.34;8464.245;8437.665;2;1
1634;1972;22.76;6858.294;6885.084;2;1
1634;1973;49.55;7371.415;7371.065;2;1
1634;1974;49.2;5132.298;5110.438;2;1
1634;1975;27.34;4104.415;4129.425;2;1
1634;1976;52.35;12016.875;12015.805;2;1
1634;1977;51.28;11229.607;11217.517;2;1
1634;1978;39.19;13939.016;13956.006;2;1
1634;1979;56.18;8372.367;8371.827;2;1
1634;1980;55.64;5441.394;5438.694;2;1
1634;1981;52.94;6989.069;6988.984;2;1
1634;1982;52.855;9166.691;9170.148;2;1
1634;1983;56.312;7932.408;7933.021;2;1
1634;1984;56.925;10892.443;10885.467;2;1
1634;1985;49.949;5774.244;5778.639;2;1
1634;1986;54.344;4797.571;4792.89;2;1
1634;1987;49.663;10953.416;10959.456;2;1
1634;1988;55.703;3621.324;3615.713;2;1
1634;1989;50.092;5432.987;5440.128;2;1
1634;1990;57.233;6595.741;6594.82;2;1
1634;1991;56.312;3844.903;3843.386;2;1
1634;1992;54.795;5435.228;5433.733;2;1
1634;1993;53.3;9104.947;9103.474;2;1
1634;1994;48.111;7116.776;7120.726;1;1
1634;1995;47.277;9982.745;9981.911;1;1
1634;1996;53.151;5634.548;5640.422;1;1
1634;1997;46.588;9663.946;9657.383;1;1
1634;1998;53.002;4676.053;4682.467;1;1
1634;1999;40.674;8005.003;7992.675;1;1
1634;2000;54.793;18867.856;18881.975;1;1
1634;2001;53.002;3270.673;3268.882;1;1
1634;2002;53.372;10349.685;10350.055;1;1
1634;2003;49.88;6498.614;6495.122;1;1
1634;2004;51.826;4200.154;4202.1;1;1
1634;2005;50.665;5657.68;5656.519;1;1
1634;2006;52.854;9598.531;9600.72;1;1
1634;2007;50.809;4853.283;4851.238;1;1
1634;2008;49.449;6701.828;6700.468;1;1
1634;2009;48.53;12574.92;12574.001;1;1
1634;2010;56.77;8313.898;8322.138;1;1
1634;2011;53.968;3744.072;3741.27;1;1
1634;2012;53.968;9992.516;9992.516;1;1
1634;2013;49.449;11342.098;11337.579;1;1
1634;2014;27.36;7412.931;7390.842;1;1
1634;2015;47.77;11319.162;11339.572;1;1
1634;2016;47.21;3744.69;3744.13;1;1
1634;2017;51.63;7755.353;7759.773;1;1
1634;2018;50.76;5837.638;5836.768;1;1
1634;2019;52.21;10381.498;10382.948;1;1
1634;2020;54.22;8840.134;8842.144;1;1
1637;1972;;;;2;1
1637;1973;49.54;423.588;413.648;2;1
1637;1974;39.6;342.017;310.917;2;1
1637;1975;8.5;194.854;193.734;2;1
1637;1976;7.38;629.714;683.514;2;1
1637;1977;61.18;510.482;490.602;2;1
1637;1978;41.3;794.823;799.713;2;1
1637;1979;46.19;408.369;383.489;2;1
1637;1980;21.31;231.896;250.376;2;1
1637;1981;39.79;331.474;337.245;2;1
1637;1982;45.561;490.935;450.272;2;1
1637;1983;4.898;357.087;364.484;2;1
1637;1984;12.295;519.686;536.193;2;1
1637;1985;28.802;996.934;991.78;2;1
1637;1986;23.648;235.476;255.462;2;1
1637;1987;43.634;514.279;502.464;2;1
1637;1988;31.819;190.671;184.217;2;1
1637;1989;25.365;315.583;294.388;2;1
1637;1990;4.17;366.613;379.51;2;1
1637;1991;17.067;201.871;212.763;2;1
1637;1992;27.959;323.817;352.393;2;1
1637;1993;56.535;516.582;503.319;2;1
1637;1994;24.012;426.355;406.773;1;1
1637;1995;26.281;501.036;503.305;1;1
1637;1996;36.345;322.624;332.688;1;1
1637;1997;52.777;444.545;460.977;1;1
1637;1998;50.354;236.57;234.147;1;1
1637;1999;31.31;371.305;352.261;1;1
1637;2000;10.717;805.159;784.566;1;1
1637;2001;24.383;181.589;195.255;1;1
1637;2002;21.341;483.483;480.441;1;1
1637;2003;31.17;244.893;254.722;1;1
1637;2004;37.069;171.268;177.167;1;1
1637;2005;23.937;283.765;270.633;1;1
1637;2006;32.862;405.867;414.792;1;1
1637;2007;23.697;219.273;210.108;1;1
1637;2008;61.097;227.519;264.919;1;1
1637;2009;22.893;520.888;482.684;1;1
1637;2010;30.64;339.276;347.023;1;1
1637;2011;31.133;180.731;181.224;1;1
1637;2012;20.133;459.984;448.984;1;1
1637;2013;19.954;512.356;512.177;1;1
1637;2014;38.72;270.06;288.826;1;1
1637;2015;34.85;499.367;495.497;1;1
1637;2016;27.38;177.023;169.553;1;1
1637;2017;24.02;325.454;322.094;1;1
1637;2018;30.1;271.347;277.427;1;1
1637;2019;26.75;426.188;422.838;1;1
1637;2020;21.24;378.461;372.951;1;1
1641;1970;36.24;8012.494;8009.804;2;1
1641;1971;33.55;9104.797;9098.087;2;1
1641;1972;26.84;7303.254;7313.294;2;1
1641;1973;36.88;7842.036;7842.856;2;1
1641;1974;37.7;5578.934;5575.924;2;1
1641;1975;34.69;4197.804;4193.234;2;1
1641;1976;30.12;12576.505;12575.835;2;1
1641;1977;29.45;13130.614;13129.964;2;1
1641;1978;28.8;16419.782;16424.482;2;1
1641;1979;33.5;9470.433;9468.303;2;1
1641;1980;31.37;5994.818;5999.148;2;1
1641;1981;35.7;7880.591;7883.004;2;1
1641;1982;38.113;10304.58;10309.953;2;1
1641;1983;43.486;8746.479;8745.573;2;1
1641;1984;42.58;12291.042;12287.738;2;1
1641;1985;39.276;6270.546;6272.432;2;1
1641;1986;41.162;5379.074;5374.652;2;1
1641;1987;36.74;12101.085;12105.858;2;1
1641;1988;41.513;4015.279;4013.805;2;1
1641;1989;40.039;6095.324;6097.151;2;1
1641;1990;41.866;7353.199;7353.288;2;1
1641;1991;41.955;4265.926;4266.015;2;1
1641;1992;42.044;6265.043;6264.688;2;1
1641;1993;41.689;10175.492;10173.757;2;1
1641;1994;40.989;7731.563;7731.911;1;1
1641;1995;42.672;11183.073;11184.756;1;1
1641;1996;39.278;6082.218;6078.824;1;1
1641;1997;38.28;10328.183;10327.185;1;1
1641;1998;39.955;5208.033;5209.708;1;1
1641;1999;40.556;8978.494;8979.095;1;1
1641;2000;39.194;21323.622;21322.26;1;1
1641;2001;40.255;3769.466;3770.527;1;1
1641;2002;40.041;11930.826;11930.612;1;1
1641;2003;41.65;7081.858;7083.467;1;1
1641;2004;40.169;4518.579;4517.098;1;1
1641;2005;41.471;6186.577;6187.879;1;1
1641;2006;41.43;10610.608;10610.567;1;1
1641;2007;40.212;5293.069;5291.851;1;1
1641;2008;40.427;7169.545;7169.76;1;1
1641;2009;39.828;13873.978;13873.379;1;1
1641;2010;42;9002.99;9005.162;1;1
1641;2011;38.445;3973.643;3970.088;1;1
1641;2012;39.489;10845.104;10846.148;1;1
1641;2013;39.11;12805.872;12805.493;1;1
1641;2014;13.97;7740.441;7715.301;1;1
1641;2015;39.65;12340.05;12365.73;1;1
1641;2016;37.25;3730.38;3727.98;1;1
1641;2017;39.31;8529.54;8531.6;1;1
1641;2018;40.94;6429.334;6430.964;1;1
1641;2019;37.62;11688.133;11684.813;1;1
1641;2020;37.98;9982.52;9982.88;1;1
1704;1971;;;;2;1
1704;1972;2.18;413.027;440.367;2;1
1704;1973;29.52;440.519;447.769;2;1
1704;1974;36.77;389.111;359.021;2;1
1704;1975;6.68;340.286;368.006;2;1
1704;1976;34.4;646.799;648.629;2;1
1704;1977;36.23;656.243;622.723;2;1
1704;1978;2.71;758.791;775.721;2;1
1704;1979;19.64;502.053;496.293;2;1
1704;1980;13.88;405.259;393.499;2;1
1704;1981;2.12;385.871;386.451;2;1
1704;1982;2.7;;;2;1
1704;1983;;;;2;1
1704;1984;2.84;598.34;599.07;2;1
1704;1985;3.57;386.739;392.459;2;1
1704;1986;9.29;259.49;255.98;2;1
1704;1987;5.78;611.709;610.319;2;1
1704;1988;4.39;340.58;341.52;2;1
1704;1989;1.89;606.47;603.16;1;1
1704;1990;10.93;866.201;875.241;1;1
1704;1991;10.77;648.37;648.21;1;1
1704;1992;8.13;779.389;776.749;1;1
1704;1993;11.85;873.679;877.399;1;1
1704;1994;15.74;695.26;699.15;1;1
1704;1995;8.84;965.78;958.88;1;1
1704;1996;18.23;662.041;671.431;1;1
1704;1997;16.29;889.573;887.633;1;1
1704;1998;24.99;567.28;575.98;1;1
1704;1999;13.64;764.791;753.441;1;1
1704;2000;11.95;1119.12;1117.43;1;1
1704;2001;22.37;376.659;387.079;1;1
1704;2002;17.31;866.79;861.73;1;1
1704;2003;35.46;706.479;724.629;1;1
1704;2004;10.99;619.64;595.17;1;1
1704;2005;17.8;489.71;496.52;1;1
1704;2006;13.7;887.01;882.91;1;1
1704;2007;37.42;371.9;395.62;1;1
1704;2008;46.6;665.55;674.73;1;1
1704;2009;46.75;966.33;966.48;1;1
1704;2010;44.13;646.727;644.107;1;1
1704;2011;45.28;381.06;382.21;1;1
1704;2012;39.14;878.45;872.31;1;1
1704;2013;30.02;2028.119;2018.999;1;1
1704;2014;40.37;755.53;765.88;1;1
1704;2015;18.09;871.5;849.22;1;1
1704;2016;61.54;261.558;305.008;1;1
1704;2017;59.21;861.58;859.25;1;1
1704;2018;68.84;661.396;671.026;1;1
1704;2019;40.182;885.028;856.37;1;1
1704;2020;19.95;788.789;768.557;1;1
1709;1961;203.1;966.09;;2;1
1709;1962;;;;2;1
1709;1963;173.4;769.141;713.741;2;1
1709;1964;118;486.354;512.354;2;1
1709;1965;144;1107.759;1105.759;2;1
1709;1966;142;820.741;796.841;2;1
1709;1967;118.1;782.365;845.465;2;1
1709;1968;181.2;1564.895;1531.795;2;1
1709;1969;148.1;733.925;688.425;2;1
1709;1970;102.6;642.289;720.489;2;1
1709;1971;180.8;790.992;810.392;2;1
1709;1972;200.2;609.82;601.72;2;1
1709;1973;192.1;781.989;675.089;2;1
1709;1974;85.2;487.149;521.049;2;1
1709;1975;119.1;540.51;494.31;2;1
1709;1976;72.9;1032.065;1038.965;2;1
1709;1977;79.8;889.004;969.904;2;1
1709;1978;160.7;1284.708;1226.308;2;1
1709;1979;102.3;693.334;746.134;2;1
1709;1980;155.1;531.412;526.512;2;1
1709;1981;150.2;618.261;599.621;2;1
1709;1982;131.56;887.861;915.311;2;1
1709;1983;159.01;736.591;739.151;2;1
1709;1984;161.57;1036.341;1024.121;2;1
1709;1985;149.35;640.211;652.431;2;1
1709;1986;161.57;494.478;491.248;2;1
1709;1987;158.34;1070.75;1060.49;2;1
1709;1988;144.12;386.509;379.059;1;1
1709;1989;144.65;439.66;440.19;1;1
1709;1990;135.38;795.81;786.54;1;1
1709;1991;144.85;502.86;512.33;1;1
1709;1992;207.26;534.69;597.1;1;1
1709;1993;142.64;985.77;921.15;1;1
1709;1994;125.96;739.909;723.229;1;1
1709;1995;166.6;998.971;1039.611;1;1
1709;1996;176.31;610.669;620.379;1;1
1709;1997;209.65;850.52;883.86;1;1
1709;1998;171.23;520.97;482.55;1;1
1709;1999;193.31;757.089;779.169;1;1
1709;2000;162.71;1514.24;1483.64;1;1
1709;2001;169.75;289.73;296.77;1;1
1709;2002;112.6;1064.36;1007.21;1;1
1709;2003;162.51;626.81;676.72;1;1
1709;2004;144.85;539.14;521.48;1;1
1709;2005;167.27;533.93;556.35;1;1
1709;2006;217.69;946.79;997.21;1;1
1709;2007;161.3;421.81;365.42;1;1
1709;2008;217.77;629.77;686.24;1;1
1709;2009;173.85;1186.78;1142.86;1;1
1709;2010;146.67;787.425;760.245;1;1
1709;2011;112.97;371.111;337.411;1;1
1709;2012;172.84;989.26;1049.13;1;1
1709;2013;94.89;1318.139;1240.189;1;1
1709;2014;99.9;797.429;802.439;1;1
1709;2015;169.55;1032.572;1102.222;1;1
1709;2016;97.83;345.43;273.71;1;1
1709;2017;152.64;944.019;998.829;1;1
1709;2018;141.38;647.246;635.986;1;1
1709;2019;107.562;1259.617;1225.799;1;1
1709;2020;190.36;794.306;877.104;1;1
1710;1962;;;;2;1
1710;1963;0.69;770.939;771.049;2;1
1710;1964;0.8;486.916;486.926;2;1
1710;1965;0.81;1105.218;1105.248;2;1
1710;1966;0.84;1126.336;1126.256;2;1
1710;1967;0.76;774.275;774.355;2;1
1710;1968;0.84;1563.905;1563.825;2;1
1710;1969;0.76;1003.545;1003.625;2;1
1710;1970;0.84;1122.777;1122.737;2;1
1710;1971;0.8;1125.662;1125.692;2;1
1710;1972;0.83;933.198;933.208;2;1
1710;1973;0.84;1106.11;1105.87;2;1
1710;1974;0.6;632.413;632.653;2;1
1710;1975;0.84;672.823;672.623;2;1
1710;1976;0.64;1487.367;1486.827;2;1
1710;1977;0.1;1212.935;1213.675;2;1
1710;1978;0.84;1631.595;1631.595;2;1
1710;1979;0.84;1078.972;1078.212;2;1
1710;1980;0.08;708.756;708.756;2;1
1710;1981;0.08;923.486;924.536;2;1
1710;1982;1.13;1207.48;1207.48;2;1
1710;1983;1.13;1011.481;1011.341;2;1
1710;1984;0.99;1433.67;1433.81;2;1
1710;1985;1.13;870.09;869.82;2;1
1710;1986;0.86;474.17;474.11;2;1
1710;1987;0.8;1364.15;1364.17;2;1
1710;1988;0.82;498.79;498.58;2;1
1710;1989;0.64;683.881;683.691;1;1
1710;1990;0.82;974.041;974.221;1;1
1710;1991;0.84;595.401;595.421;1;1
1710;1992;0.82;649.74;649.72;1;1
1710;1993;0.84;1124.988;1125.008;1;1
1710;1994;0.77;811.649;811.579;1;1
1710;1995;0.82;1045.39;1045.44;1;1
1710;1996;0.75;648.259;648.189;1;1
1710;1997;0.76;987.898;987.908;1;1
1710;1998;0.82;542.552;542.612;1;1
1710;1999;0.68;838.592;838.452;1;1
1710;2000;0.77;1679.41;1679.5;1;1
1710;2001;0.77;270.792;270.792;1;1
1710;2002;0.8;1178.77;1178.8;1;1
1710;2003;0.83;559.48;559.51;1;1
1710;2004;0.84;518.129;518.139;1;1
1710;2005;0.76;521.991;521.911;1;1
1710;2006;0.79;965.099;965.129;1;1
1710;2007;0.8;414.799;414.809;1;1
1710;2008;0.82;688.961;688.981;1;1
1710;2009;0.82;1265.84;1265.84;1;1
1710;2010;0.8;896.509;896.489;1;1
1710;2011;0.85;412.318;412.368;1;1
1710;2012;0.83;1126.861;1126.841;1;1
1710;2013;0.71;1401.9;1401.78;1;1
1710;2014;0.8;873.68;873.77;1;1
1710;2015;0.83;1225.084;1225.114;1;1
1710;2016;0.8;403.72;403.69;1;1
1710;2017;0.82;1011.648;1011.668;1;1
1710;2018;0.76;621.208;621.148;1;1
1710;2019;0.78;1223.604;1223.624;1;1
1710;2020;0.83;860.74;860.79;1;1
1711;1969;4.75;913.461;908.941;2;1
1711;1970;0.23;783.804;792.394;2;1
1711;1971;8.82;902.814;899.234;2;1
1711;1972;5.24;742.189;747.159;2;1
1711;1973;10.21;964.278;960.118;2;1
1711;1974;6.05;488.901;495.461;2;1
1711;1975;12.61;579.918;571.068;2;1
1711;1976;3.76;1182.73;1179.23;2;1
1711;1977;0.26;1099.189;1107.229;2;1
1711;1978;8.3;1238.233;1237.973;2;1
1711;1979;8.04;241.687;244.537;2;1
1711;1980;10.89;599.616;596.506;2;1
1711;1981;7.78;842.832;836.242;2;1
1711;1982;1.19;1085.228;1085.668;2;1
1711;1983;1.63;928.963;938.963;2;1
1711;1984;11.63;1250.36;1246.51;2;1
1711;1985;7.78;790.48;793.09;2;1
1711;1986;10.39;389.24;391.61;2;1
1711;1987;12.76;1201.23;1201.29;2;1
1711;1988;12.82;379.18;376.84;2;1
1711;1989;12.77;535.65;538.09;1;1
1711;1990;12.65;781.83;781.71;1;1
1711;1991;12.84;460.159;460.349;1;1
1711;1992;11.21;557.65;556.02;1;1
1711;1993;10.65;935.721;935.161;1;1
1711;1994;0.17;716.24;705.76;1;1
1711;1995;8.09;842.252;850.172;1;1
1711;1996;7.6;566.65;566.16;1;1
1711;1997;11.35;880.21;883.96;1;1
1711;1998;2.92;457;448.57;1;1
1711;1999;0.33;745.02;742.43;1;1
1711;2000;6.71;1001.7;1008.08;1;1
1711;2001;9.4;155.801;158.491;1;1
1711;2002;10.6;889.97;891.17;1;1
1711;2003;0.42;546.421;536.241;1;1
1711;2004;11.38;386.871;397.831;1;1
1711;2005;11.43;386.2;386.25;1;1
1711;2006;11.38;859.27;859.22;1;1
1711;2007;12.25;315.31;316.18;1;1
1711;2008;11.59;507.13;506.47;1;1
1711;2009;9.51;1038.44;1036.36;1;1
1711;2010;11.47;700.11;702.07;1;1
1711;2011;11.15;192.84;192.52;1;1
1711;2012;10.31;734.24;733.4;1;1
1711;2013;5.99;996.04;991.72;1;1
1711;2014;7.08;614.11;615.2;1;1
1711;2015;8.92;877.49;879.33;1;1
1711;2016;12.39;193.22;196.69;1;1
1711;2017;8.29;753.041;748.941;1;1
1711;2018;10.76;517.55;520.02;1;1
1711;2019;8.924;841.078;839.242;1;1
1711;2020;8.99;681.57;681.636;1;1
1712;1969;8.13;2315.529;2316.609;2;1
1712;1970;9.21;2224.316;2224.396;2;1
1712;1971;9.29;2667.073;2667.853;2;1
1712;1972;10.07;1897.707;1898.317;2;1
1712;1973;10.68;2241.665;2238.865;2;1
1712;1974;7.88;;;2;1
1712;1975;12.58;1319.829;1317.549;2;1
1712;1976;10.3;3406.89;3408.49;2;1
1712;1977;11.9;3077.568;3065.668;2;1
1712;1978;0;4178.58;4189.38;2;1
1712;1979;10.8;2266.799;2265.499;2;1
1712;1980;9.5;1494.409;1494.109;2;1
1712;1981;9.2;2043.436;2044.456;2;1
1712;1982;10.22;2725.133;2720.623;2;1
1712;1983;5.71;2304.26;2310.25;2;1
1712;1984;11.7;3540.16;3539.38;2;1
1712;1985;10.92;2171.409;2172.629;2;1
1712;1986;12.14;1231.451;1230.411;2;1
1712;1987;11.1;3233.721;3233.661;2;1
1712;1988;11.04;1073.82;1073.77;2;1
1712;1989;11.43;1645.9;1646.96;1;1
1712;1990;11.1;2118.13;2117.8;1;1
1712;1991;10.29;1323.761;1322.951;1;1
1712;1992;11.54;1547.52;1548.77;1;1
1712;1993;10.58;2568.75;2567.79;1;1
1712;1994;10.86;2044.15;2044.43;1;1
1712;1995;7.3;3068.499;3064.939;1;1
1712;1996;10.4;1668.349;1671.449;1;1
1712;1997;10.93;2624.64;2625.17;1;1
1712;1998;9.65;1316.31;1315.03;1;1
1712;1999;10.43;1988.39;1989.17;1;1
1712;2000;10.97;5147.26;5147.8;1;1
1712;2001;10.11;721.76;720.9;1;1
1712;2002;7.72;2804.93;2802.54;1;1
1712;2003;11.22;1637.25;1640.75;1;1
1712;2004;11.17;1159.95;1159.9;1;1
1712;2005;11.33;1268.309;1268.469;1;1
1712;2006;10.13;2498.759;2497.559;1;1
1712;2007;10.63;1080.239;1080.739;1;1
1712;2008;10.59;1691.19;1691.15;1;1
1712;2009;10.66;3174.508;3174.578;1;1
1712;2010;11.17;2054.349;2054.859;1;1
1712;2011;9.93;877.68;876.44;1;1
1712;2012;10.27;2619.519;2619.859;1;1
1712;2013;9.81;3401.729;3401.269;1;1
1712;2014;11.37;1925.539;1927.099;1;1
1712;2015;11.39;3210.157;3210.177;1;1
1712;2016;10.54;798.71;797.86;1;1
1712;2017;11.08;2329.07;2329.61;1;1
1712;2018;10.7;1576.486;1576.106;1;1
1712;2019;11.029;2488.493;2488.822;1;1
1712;2020;11.6;2172.587;2173.158;1;1
1713;1969;1.62;2667.384;2667.464;2;1
1713;1970;1.7;2637.602;2637.632;2;1
1713;1971;1.73;2572.154;2571.904;2;1
1713;1972;1.48;2189.903;2190.133;2;1
1713;1973;1.71;2500.883;2500.863;2;1
1713;1974;1.69;1562.501;1562.491;2;1
1713;1975;1.68;1389.977;1389.907;2;1
1713;1976;1.61;4002.731;4002.421;2;1
1713;1977;1.3;3805.557;3805.827;2;1
1713;1978;1.57;5224.47;5224.6;2;1
1713;1979;1.7;2556.248;2556.248;2;1
1713;1980;1.7;1555.701;1555.471;2;1
1713;1981;1.47;2395.526;2395.556;2;1
1713;1982;1.5;2894.801;2894.59;2;1
1713;1983;1.289;2588.947;2589.114;2;1
1713;1984;1.456;4031.712;4031.933;2;1
1713;1985;1.677;2392.037;2391.909;2;1
1713;1986;1.549;1437.619;1437.685;2;1
1713;1987;1.615;3734.947;3734.68;2;1
1713;1988;1.348;1197.837;1198.124;2;1
1713;1989;1.635;1881.478;1881.447;2;1
1713;1990;1.707;2289.591;2289.699;1;1
1713;1991;1.559;1314.88;1314.732;1;1
1713;1992;1.038;1605.487;1604.966;1;1
1713;1993;1.105;2789.249;2789.316;1;1
1713;1994;1.092;2168.15;2168.137;1;1
1713;1995;0.71;3730.556;3730.174;1;1
1713;1996;1.02;1847.939;1848.249;1;1
1713;1997;0.652;3039.917;3039.549;1;1
1713;1998;1.056;1513.175;1513.579;1;1
1713;1999;0.774;2222.213;2221.931;1;1
1713;2000;0.715;6027.725;6027.666;1;1
1713;2001;0.957;769.295;769.537;1;1
1713;2002;0.942;3157.382;3157.367;1;1
1713;2003;1.035;1786.258;1786.351;1;1
1713;2004;1.051;1228.146;1228.162;1;1
1713;2005;0.937;1380.69;1380.576;1;1
1713;2006;1.079;2708.873;2709.015;1;1
1713;2007;1.061;1134.982;1134.964;1;1
1713;2008;1.097;1733.673;1733.709;1;1
1713;2009;1.069;3530.09;3530.062;1;1
1713;2010;1.08;2283.96;2283.971;1;1
1713;2011;1.015;905.98;905.915;1;1
1713;2012;1.084;3053.049;3053.118;1;1
1713;2013;1.071;4072.078;4072.065;1;1
1713;2014;1;2058.617;2058.546;1;1
1713;2015;1.03;3849.706;3849.736;1;1
1713;2016;1.05;871.12;;1;1
1713;2017;1;2433.488;2433.438;1;1
1713;2018;1;1810.476;1810.476;1;1
1713;2019;1.05;3243.299;3243.349;1;1
1713;2020;1.04;2456.083;2456.073;1;1
1716;1971;;;;2;1
1716;1972;2.78;2020.205;2021.165;2;1
1716;1973;3.74;2329.638;2329.608;2;1
1716;1974;3.71;1430.646;1430.626;2;1
1716;1975;3.69;1277.303;1277.143;2;1
1716;1976;3.53;3566.056;3566.206;2;1
1716;1977;3.68;3377.998;3377.948;2;1
1716;1978;3.63;4605.517;4605.377;2;1
1716;1979;3.49;2330.605;2330.325;2;1
1716;1980;3.21;1442.586;1443.036;2;1
1716;1981;3.66;2139.411;2139.273;2;1
1716;1982;3.522;2645.723;2645.211;2;1
1716;1983;3.01;2293.565;2294.07;2;1
1716;1984;3.515;3555.918;3556.064;2;1
1716;1985;3.661;2140.586;2140.549;2;1
1716;1986;3.624;1288.239;1288.151;2;1
1716;1987;3.536;3267.771;3267.607;2;1
1716;1988;3.372;1074.051;1074.334;2;1
1716;1989;3.655;1664.11;1664.126;2;1
1716;1990;3.495;2029.359;2029.183;1;1
1716;1991;3.34;1192.295;1192.14;1;1
1716;1992;3.359;1464.609;1464.628;1;1
1716;1993;3.544;2509.496;2509.681;1;1
1716;1994;2.061;1967.512;1966.029;1;1
1716;1995;3.544;3413.375;3414.858;1;1
1716;1996;2.111;1678.929;1677.496;1;1
1716;1997;3.49;2732.241;2733.62;1;1
1716;1998;3.346;1389.136;1388.992;1;1
1716;1999;2.151;1983.353;1982.158;1;1
1716;2000;3.477;5505.338;5506.664;1;1
1716;2001;2.413;731.611;730.547;1;1
1716;2002;2.007;3020.276;3019.87;1;1
1716;2003;2.046;1681.926;1681.965;1;1
1716;2004;3.524;1159.515;1160.993;1;1
1716;2005;1.818;1301.341;1299.635;1;1
1716;2006;3.424;2552.7;2554.306;1;1
1716;2007;3.631;1072.094;1072.301;1;1
1716;2008;3.571;1630.466;1630.406;1;1
1716;2009;3.591;3332.751;3332.771;1;1
1716;2010;3.6;2155.518;2155.527;1;1
1716;2011;3.53;855.196;855.126;1;1
1716;2012;3.537;2740.924;2740.931;1;1
1716;2013;3.591;3660.85;3660.904;1;1
1716;2014;3.58;2016.306;2016.295;1;1
1716;2015;3.69;3609.023;3609.133;1;1
1716;2016;3.14;846.81;;1;1
1716;2017;3.57;2384.2;2384.63;1;1
1716;2018;3.58;1685.345;1685.355;1;1
1716;2019;3.63;3261.811;3261.861;1;1
1716;2020;3.57;2366.51;2366.45;1;1
1718;1969;1.29;354.413;353.853;2;1
1718;1970;0.73;444.131;444.111;2;1
1718;1971;0.71;441.971;441.991;2;1
1718;1972;0.73;359.942;359.962;2;1
1718;1973;0.75;376.332;376.292;2;1
1718;1974;0.71;250.543;250.893;2;1
1718;1975;1.06;216.216;215.916;2;1
1718;1976;0.76;664.995;664.985;2;1
1718;1977;0.75;645.08;645.04;2;1
1718;1978;0.71;853.347;853.367;2;1
1718;1979;0.73;436.121;436.121;2;1
1718;1980;0.73;225.297;225.417;2;1
1718;1981;0.85;;;2;1
1718;1982;0.79;510.261;510.171;2;1
1718;1983;0.7;420.92;420.95;2;1
1718;1984;0.73;650.22;650.09;2;1
1718;1985;0.6;390.189;390.449;2;1
1718;1986;0.86;166.161;166.001;2;1
1718;1987;0.7;585.631;586.591;2;1
1718;1988;1.66;220.73;220.57;2;1
1718;1989;0.89;323.515;322.895;1;1
1718;1990;1.18;193.214;193.504;1;1
1718;1991;0.74;102.983;102.543;1;1
1718;1992;1.47;151.652;152.382;1;1
1718;1993;1.44;194.55;194.52;1;1
1718;1994;1.29;159.46;159.31;1;1
1718;1995;1.41;371.129;371.249;1;1
1718;1996;1.15;111.519;111.259;1;1
1718;1997;1.43;299.839;300.119;1;1
1718;1998;1.26;89.49;89.32;1;1
1718;1999;1.41;148.28;148.43;1;1
1718;2000;1.28;1055.77;1055.64;1;1
1718;2001;1.49;31.909;32.119;1;1
1718;2002;1.45;322.39;322.35;1;1
1718;2003;1.27;82.79;82.61;1;1
1718;2004;0.97;35.88;35.58;1;1
1718;2005;1.4;63.849;64.279;1;1
1718;2006;0.93;253.5;253.03;1;1
1718;2007;1.18;36.589;36.839;1;1
1718;2008;0.94;119.224;118.984;1;1
1718;2009;1.49;341.812;342.362;1;1
1718;2010;0.77;155.133;154.413;1;1
1718;2011;1.26;67.214;67.704;1;1
1718;2012;1.4;288.262;288.402;1;1
1718;2013;1.31;368.141;368.051;1;1
1718;2014;1.53;135.632;135.852;1;1
1718;2015;0.78;490.871;490.121;1;1
1718;2016;0.88;74.262;74.362;1;1
1718;2017;1.6;169.628;170.348;1;1
1718;2018;0.96;93.672;93.032;1;1
1718;2019;1.61;325.812;326.462;1;1
1718;2020;1.54;228.443;228.373;1;1
1740;1958;8.49;3064.545;3064.955;2;1
1740;1959;8.9;6376.571;6375.791;2;1
1740;1960;8.12;4297.19;4298.16;2;1
1740;1961;9.09;4153.706;4153.616;2;1
1740;1962;9;3056.772;3055.312;2;1
1740;1963;7.54;3276.461;3277.621;2;1
1740;1964;8.7;1773.654;1774.674;2;1
1740;1965;9.72;5205.531;5205.481;2;1
1740;1966;9.67;2341.008;2340.318;2;1
1740;1967;8.98;2143.489;2144.089;2;1
1740;1968;9.58;5231.58;5228.55;2;1
1740;1969;6.55;2902.66;2905.68;2;1
1740;1970;9.57;2872.964;2873.084;2;1
1740;1971;9.69;2823.198;2822.828;2;1
1740;1972;9.32;2376.32;2376.21;2;1
1740;1973;9.21;2651.927;2642.717;2;1
1740;1974;0;1703.756;1713.746;2;1
1740;1975;9.99;1556.159;1555.659;2;1
1740;1976;9.49;4271.253;4271.723;2;1
1740;1977;9.96;4145.178;4143.768;2;1
1740;1978;8.55;5558.691;5558.581;2;1
1740;1979;8.44;2722.611;2723.311;2;1
1740;1980;9.14;1706.702;1705.792;2;1
1740;1981;8.23;2583.084;2584.344;2;1
1740;1982;9.49;3142.69;3142.111;2;1
1740;1983;8.911;2808.908;2808.974;2;1
1740;1984;8.977;4271.742;4272.307;2;1
1740;1985;9.542;2552.002;2552.276;2;1
1740;1986;9.816;1564.532;1563.301;2;1
1740;1987;8.585;4017.903;4018.686;2;1
1740;1988;9.368;1267.27;1267.217;2;1
1740;1989;9.315;2010.501;2011.165;2;1
1740;1990;9.941;2419.8;2420.118;1;1
1740;1991;9.549;1395.563;1395.171;1;1
1740;1992;9.386;1705.873;1705.71;1;1
1740;1993;8.662;;;1;1
1740;1994;9.641;2305.661;2306.64;1;1
1740;1995;6.767;4014.127;4011.253;1;1
1740;1996;9.368;1965.588;1968.189;1;1
1740;1997;9.66;3301.13;3301.422;1;1
1740;1998;9.244;1630.684;1630.268;1;1
1740;1999;9.208;2328.555;2328.519;1;1
1740;2000;9.623;6429.909;6430.324;1;1
1740;2001;7.188;925.987;923.552;1;1
1740;2002;9.386;3553.932;3556.13;1;1
1740;2003;7.054;2014.104;2011.772;1;1
1740;2004;9.531;1414.607;1417.084;1;1
1740;2005;9.051;1636.523;1636.043;1;1
1740;2006;9.173;3086.093;3086.215;1;1
1740;2007;9.44;1356.515;1356.782;1;1
1740;2008;9.477;2029.955;2029.992;1;1
1740;2009;9.173;4005.581;4005.277;1;1
1740;2010;9.35;2630.666;2630.843;1;1
1740;2011;9.422;1254.415;1254.487;1;1
1740;2012;9.261;3227.48;3227.319;1;1
1740;2013;9.44;4410.59;4410.769;1;1
1740;2014;9.33;2190.311;2190.201;1;1
1740;2015;9.5;4093.909;4094.079;1;1
1740;2016;9.17;941.291;940.961;1;1
1740;2017;9.42;2739.551;2739.801;1;1
1740;2018;9.37;2059.92;2059.87;1;1
1740;2019;9.17;3804.769;3804.569;1;1
1740;2020;8.68;3157.424;3156.934;1;1
1741;1960;;;;2;1
1741;1961;13.1;;;2;1
1741;1962;;;;2;1
1741;1963;1.69;162.535;176.845;2;1
1741;1964;16;112.147;100.597;2;1
1741;1965;4.45;246.904;256.254;2;1
1741;1966;13.8;127.251;124.901;2;1
1741;1967;11.45;109.952;121.742;2;1
1741;1968;23.24;240.625;224.025;2;1
1741;1969;6.64;128.341;127.321;2;1
1741;1970;5.62;131.452;153.622;2;1
1741;1971;27.79;147.731;126.591;2;1
1741;1972;6.65;132.036;139.206;2;1
1741;1973;13.82;110.443;132.403;2;1
1741;1974;35.78;120.558;96.378;2;1
1741;1975;11.6;73.064;72.144;2;1
1741;1976;10.68;171.956;189.316;2;1
1741;1977;28.04;213.954;203.054;2;1
1741;1978;17.14;225.16;225.68;2;1
1741;1979;17.66;110.518;126.448;2;1
1741;1980;33.59;105.595;101.545;2;1
1741;1981;29.54;134.351;121.564;2;1
1741;1982;16.753;160.212;155.998;2;1
1741;1983;12.539;149.454;143.283;2;1
1741;1984;6.368;167.889;174.521;2;1
1741;1985;13;97.062;114.86;2;1
1741;1986;30.798;110.741;98.334;2;1
1741;1987;18.391;204.336;200.859;2;1
1741;1988;9.37;73.093;;1;1
1741;1989;14.53;134.011;139.171;1;1
1741;1990;16.5;125.45;127.42;1;1
1741;1991;24.1;69.52;77.12;1;1
1741;1992;19.25;101.249;96.399;1;1
1741;1993;14.9;171.36;167.01;1;1
1741;1994;16.21;108.14;109.45;1;1
1741;1995;15.65;215.349;214.789;1;1
1741;1996;17.18;118.37;119.9;1;1
1741;1997;17.94;190.88;191.64;1;1
1741;1998;18.24;93.57;93.87;1;1
1741;1999;15.65;120.08;117.49;1;1
1741;2000;16.77;307.471;308.591;1;1
1741;2001;19.48;66.39;69.1;1;1
1741;2002;16.92;189.29;186.73;1;1
1741;2003;16.7;113.53;113.31;1;1
1741;2004;7.7;83.9;74.9;1;1
1741;2005;16.52;79.79;88.61;1;1
1741;2006;18.09;152.549;154.119;1;1
1741;2007;8.5;94.771;85.181;1;1
1741;2008;25.18;74;90.68;1;1
1741;2009;16.73;206.28;197.83;1;1
1741;2010;15.84;140.891;140.001;1;1
1741;2011;16.44;82.205;82.805;1;1
1741;2012;18.62;162.267;164.447;1;1
1741;2013;16.26;198.657;196.297;1;1
1741;2014;20.77;120.056;124.566;1;1
1741;2015;20.59;196.716;196.536;1;1
1741;2016;11.51;73.875;64.795;1;1
1741;2017;16.69;141.336;146.516;1;1
1741;2018;22.86;91.937;98.107;1;1
1741;2019;11.303;142.908;131.351;1;1
1741;2020;11.76;150.139;150.596;1;1
1743;1960;0.07;;;2;1
1743;1961;1.1;984.485;990.185;2;1
1743;1962;6.8;978.16;990.68;2;1
1743;1963;19.32;870.636;1086.816;2;1
1743;1964;235.5;539.041;479.841;2;1
1743;1965;176.3;1579.222;1521.322;2;1
1743;1966;118.4;671.261;660.661;2;1
1743;1967;107.8;654.543;692.443;2;1
1743;1968;145.7;1348.029;1367.029;2;1
1743;1969;164.7;938.904;922.104;2;1
1743;1970;147.9;868.207;778.207;2;1
1743;1971;57.9;688.233;706.933;2;1
1743;1972;76.6;773.659;764.659;2;1
1743;1973;67.6;665.934;671.034;2;1
1743;1974;72.7;424.047;481.347;2;1
1743;1975;130;610.567;613.367;2;1
1743;1976;132.8;1146.348;1206.648;2;1
1743;1977;193.1;1450.556;1387.656;2;1
1743;1978;130.2;1612.21;1644.31;2;1
1743;1979;162.3;936.625;966.825;2;1
1743;1980;192.5;1045.938;1042.538;2;1
1743;1981;189.1;1075.117;1026.11;2;1
1743;1982;140.093;1150.288;1226.954;2;1
1743;1983;216.759;1103.603;1098.728;2;1
1743;1984;211.884;1327.205;1281.133;2;1
1743;1985;165.812;747.792;800.895;2;1
1743;1986;218.915;658.758;638.146;2;1
1743;1987;198.303;1157.562;1143.136;2;1
1743;1988;183.877;635.2;556.577;2;1
1743;1989;105.254;760.594;805.704;2;1
1743;1990;167.727;673.323;689.293;1;1
1743;1991;133.724;468.471;434.468;1;1
1743;1992;178.383;429.335;473.994;1;1
1743;1993;99.744;983.469;904.83;1;1
1743;1994;146.239;778.876;825.371;1;1
1743;1995;195.331;1063.81;1112.902;1;1
1743;1996;125.983;661.066;591.718;1;1
1743;1997;132.771;1073.003;1079.791;1;1
1743;1998;198.332;564.939;630.5;1;1
1743;1999;150.972;1045.387;998.027;1;1
1743;2000;188.162;1998.642;2035.832;1;1
1743;2001;132.56;1001.1;945.498;1;1
1743;2002;193.826;;;1;1
1743;2003;207.065;828.058;841.297;1;1
1743;2004;168.041;770.332;731.308;1;1
1743;2005;173.444;600.539;605.942;1;1
1743;2006;186.664;1145.779;1158.999;1;1
1743;2007;178.777;792.03;784.143;1;1
1743;2008;178.646;688.722;688.591;1;1
1743;2009;132.454;1313.847;1267.655;1;1
1743;2010;167.85;797.313;832.709;1;1
1743;2011;101.557;851.626;785.333;1;1
1743;2012;186.936;1196.047;1281.426;1;1
1743;2013;200.758;1221.972;1235.794;1;1
1743;2014;187.48;875.309;862.031;1;1
1743;2015;108.5;1438.633;1359.653;1;1
1743;2016;69.98;720.528;682.008;1;1
1743;2017;183.69;790.378;904.088;1;1
1743;2018;158.39;845.368;820.068;1;1
1743;2019;137.59;1151.596;1130.796;1;1
1743;2020;111.91;1491.878;1466.198;1;1
1744;1958;10.02;2325.275;2325.275;2;1
1744;1959;10.02;3456.164;3455.424;2;1
1744;1960;9.28;3053.134;3053.304;2;1
1744;1961;9.45;3093.759;3094.709;2;1
1744;1962;10.4;2811.292;2809.852;2;1
1744;1963;8.96;3049.644;3049.684;2;1
1744;1964;9;2152.846;2152.556;2;1
1744;1965;8.71;3921.817;3922.947;2;1
1744;1966;9.84;2815.854;2815.474;2;1
1744;1967;9.46;2650.441;2649.691;2;1
1744;1968;8.71;3728.471;3725.801;2;1
1744;1969;6.04;2933.099;2937.379;2;1
1744;1970;10.32;3037.34;3035.73;2;1
1744;1971;8.71;2856.6;2858.01;2;1
1744;1972;10.12;2918.955;2917.885;2;1
1744;1973;9.05;2463.713;2464.323;2;1
1744;1974;9.66;1359.953;1359.003;2;1
1744;1975;8.71;1996.108;1996.238;2;1
1744;1976;8.84;3204.93;3204.8;2;1
1744;1977;8.71;3396.617;3397.647;2;1
1744;1978;9.74;3330.426;3330.646;2;1
1744;1979;9.96;923.296;923.516;2;1
1744;1980;10.18;2372.449;2372.009;2;1
1744;1981;9.74;2469.252;2469.594;2;1
1744;1982;10.082;2988.949;2988.811;2;1
1744;1983;9.944;2889.28;2889.158;2;1
1744;1984;9.822;3308.499;3306.976;2;1
1744;1985;8.299;2478.456;2475.611;2;1
1744;1986;5.454;2107.63;2111.305;2;1
1744;1987;9.129;3048.639;3049.274;2;1
1744;1988;9.764;1826.028;1825.48;2;1
1744;1989;9.216;1998.936;1999.677;2;1
1744;1990;9.382;2307.714;2306.794;1;1
1744;1991;8.41;1806.129;1805.157;1;1
1744;1992;8.998;1747.108;1747.696;1;1
1744;1993;6.361;2712.224;2709.587;1;1
1744;1994;9.066;2407.95;2410.655;1;1
1744;1995;0.778;2608.997;2600.709;1;1
1744;1996;8.724;2218.559;2226.505;1;1
1744;1997;8.345;2912.935;2912.556;1;1
1744;1998;8.944;1972.291;1972.89;1;1
1744;1999;9.935;2419.002;2419.993;1;1
1744;2000;8.937;3782.326;3781.328;1;1
1744;2001;9.507;1303.495;1304.065;1;1
1744;2002;9.521;2628.577;2628.591;1;1
1744;2003;4.002;2302.745;2297.226;1;1
1744;2004;9.34;1600.618;1605.956;1;1
1744;2005;9.127;1612.763;1612.55;1;1
1744;2006;8.904;2656.012;2655.789;1;1
1744;2007;9.441;1624.221;1624.758;1;1
1744;2008;9.13;1629.839;1629.528;1;1
1744;2009;9.103;2962.286;2962.259;1;1
1744;2010;9.98;2189.152;2190.029;1;1
1744;2011;10.321;1370.54;1370.881;1;1
1744;2012;8.631;2325.57;2323.88;1;1
1744;2013;9.319;2664.873;2665.561;1;1
1744;2014;8.88;2124.512;2124.073;1;1
1744;2015;9.68;2712.943;2713.743;1;1
1744;2016;10.22;1231.38;1231.92;1;1
1744;2017;9.74;1967.823;1967.343;1;1
1744;2018;8.89;1920.718;1919.868;1;1
1744;2019;7.26;2457.56;2455.93;1;1
1744;2020;8.79;2374.224;2375.754;1;1
1745;1961;1.51;229.427;227.917;2;1
1745;1962;0;;;2;1
1745;1963;7.35;194.826;189.876;2;1
1745;1964;2.4;122.221;125.941;2;1
1745;1965;6.12;299.366;297.506;2;1
1745;1966;4.26;152.582;154.352;2;1
1745;1967;6.03;134.683;135.703;2;1
1745;1968;7.05;289.554;287.924;2;1
1745;1969;5.42;153.339;153.919;2;1
1745;1970;6;152.911;153.831;2;1
1745;1971;6.92;173.648;169.218;2;1
1745;1972;2.49;156.381;158.751;2;1
1745;1973;4.86;134.124;135.434;2;1
1745;1974;6.17;136.888;135.508;2;1
1745;1975;4.79;82.006;83.796;2;1
1745;1976;6.58;208.634;206.724;2;1
1745;1977;4.67;248.705;249.855;2;1
1745;1978;5.82;274.461;274.001;2;1
1745;1979;5.36;130.403;130.823;2;1
1745;1980;5.78;118.553;118.663;2;1
1745;1981;5.89;146.508;146.314;2;1
1745;1982;5.696;187.308;187.025;2;1
1745;1983;5.413;170.418;170.357;2;1
1745;1984;5.352;203.106;200.718;2;1
1745;1985;2.964;118.516;119.909;2;1
1745;1986;4.357;125.399;125.96;2;1
1745;1987;4.918;242.026;239.725;2;1
1745;1988;3.03;79.719;;1;1
1745;1989;2.48;156.5;155.95;1;1
1745;1990;2.64;145.42;145.58;1;1
1745;1991;3.67;79.9;80.93;1;1
1745;1992;2.7;118.58;117.61;1;1
1745;1993;2.13;199.36;198.79;1;1
1745;1994;2.09;123.501;123.461;1;1
1745;1995;2.16;236.429;236.499;1;1
1745;1996;2.96;127.369;128.169;1;1
1745;1997;3.05;214.539;214.629;1;1
1745;1998;3.6;97.92;98.47;1;1
1745;1999;3.85;134.47;134.72;1;1
1745;2000;2.15;351.96;350.26;1;1
1745;2001;4.02;67.859;69.729;1;1
1745;2002;3.55;210.89;210.42;1;1
1745;2003;3.77;123.62;123.84;1;1
1745;2004;1.73;91.27;89.23;1;1
1745;2005;3.51;91.06;92.84;1;1
1745;2006;3.8;172.22;172.51;1;1
1745;2007;0;106.54;102.74;1;1
1745;2008;4.39;84.696;89.086;1;1
1745;2009;3.93;243.389;242.929;1;1
1745;2010;3.22;163.98;163.27;1;1
1745;2011;2.87;85.695;85.345;1;1
1745;2012;4.58;182.917;184.627;1;1
1745;2013;3.85;225.768;225.038;1;1
1745;2014;3.93;132.587;132.667;1;1
1745;2015;3.19;224.906;224.166;1;1
1745;2016;2.19;77.835;76.835;1;1
1745;2017;5.52;140.547;143.877;1;1
1745;2018;7.61;105.254;107.344;1;1
1745;2019;4.432;194.24;191.062;1;1
1745;2020;2.98;173.189;171.737;1;1
1748;1958;4.64;297.359;297.419;2;1
1748;1959;4.7;508.57;508.55;2;1
1748;1960;4.68;380.31;379.93;2;1
1748;1961;4.3;331.854;331.954;2;1
1748;1962;4.4;310.02;310.161;2;1
1748;1963;4.541;341.626;340.785;2;1
1748;1964;3.7;162.199;162.939;2;1
1748;1965;4.44;487.063;484.893;2;1
1748;1966;2.27;228.289;229.909;2;1
1748;1967;3.89;246.3;246.6;2;1
1748;1968;4.19;407.006;406.906;2;1
1748;1969;4.09;292.048;292.388;2;1
1748;1970;4.43;216.235;216.285;2;1
1748;1971;4.48;244.073;243.553;2;1
1748;1972;3.96;223.271;223.751;2;1
1748;1973;4.44;244.25;244.35;2;1
1748;1974;4.54;183.932;183.412;2;1
1748;1975;4.02;124.326;124.316;2;1
1748;1976;4.01;364.508;362.828;2;1
1748;1977;2.33;340.774;342.094;2;1
1748;1978;3.65;442.446;443.346;2;1
1748;1979;4.55;231.293;230.473;2;1
1748;1980;3.73;149.78;149.43;2;1
1748;1981;3.38;222.254;219.677;2;1
1748;1982;0.803;303.765;305.787;2;1
1748;1983;2.825;266.632;264.59;2;1
1748;1984;0.783;311.105;311.144;2;1
1748;1985;0.822;231.709;231.851;2;1
1748;1986;0.964;134.582;134.39;2;1
1748;1987;0.772;343.415;346.172;2;1
1748;1988;3.529;125.279;122.723;2;1
1748;1989;0.973;178.573;178.487;2;1
1748;1990;0.911;199.239;199.263;1;1
1748;1991;3.141;132.946;135.176;1;1
1748;1992;2.565;158.108;157.532;1;1
1748;1993;3.492;303.284;304.211;1;1
1748;1994;4.241;235.558;236.307;1;1
1748;1995;4.614;348.419;348.792;1;1
1748;1996;0.841;197.975;194.202;1;1
1748;1997;4.23;343.75;347.139;1;1
1748;1998;2.514;140.437;138.721;1;1
1748;1999;2.824;237.613;237.923;1;1
1748;2000;4.126;593.243;594.545;1;1
1748;2001;4.45;91.254;91.578;1;1
1748;2002;2.83;813.434;811.814;1;1
1748;2003;3.057;190.035;190.262;1;1
1748;2004;1.445;113.866;112.254;1;1
1748;2005;3.634;163.144;165.333;1;1
1748;2006;3.311;260.436;260.113;1;1
1748;2007;3.953;128.168;128.81;1;1
1748;2008;4.556;198.297;198.9;1;1
1748;2009;1.816;374.879;372.139;1;1
1748;2010;2.47;241.96;242.614;1;1
1748;2011;3.183;150.308;151.021;1;1
1748;2012;3.311;338.467;338.595;1;1
1748;2013;4.622;361.937;363.248;1;1
1748;2014;4.38;222.909;222.667;1;1
1748;2015;2.99;403.943;402.553;1;1
1748;2016;2.55;96.929;96.489;1;1
1748;2017;4.15;270.217;271.817;1;1
1748;2018;2.63;225.653;224.133;1;1
1748;2019;3.02;302.648;303.038;1;1
1748;2020;3.62;256.545;257.145;1;1
1751;1958;10.32;4428.95;4428.73;2;1
1751;1959;10.1;8798.155;8798.455;2;1
1751;1960;10.4;6142.003;6141.943;2;1
1751;1961;10.34;;;2;1
1751;1962;10.2;4697.464;4697.274;2;1
1751;1963;10.01;4732.646;4733.136;2;1
1751;1964;10.5;2704.977;2704.957;2;1
1751;1965;10.48;7791.647;7791.647;2;1
1751;1966;10.48;3439.074;3439.074;2;1
1751;1967;10.48;3116.258;3110.038;2;1
1751;1968;4.26;7048.987;7054.267;2;1
1751;1969;9.54;4121.937;4122.787;2;1
1751;1970;10.39;3955.807;3955.807;2;1
1751;1971;10.39;3831.961;3831.711;2;1
1751;1972;10.14;3409.75;3410.02;2;1
1751;1973;10.41;3627.115;3627.075;2;1
1751;1974;10.37;2349.337;2349.307;2;1
1751;1975;10.34;1913.337;1913.317;2;1
1751;1976;10.32;5735.258;5735.298;2;1
1751;1977;10.36;5723.732;5723.572;2;1
1751;1978;10.2;7312.065;7312.165;2;1
1751;1979;10.3;3912.544;3912.534;2;1
1751;1980;10.29;2441.712;2441.722;2;1
1751;1981;10.3;3479.567;3479.559;2;1
1751;1982;10.292;4200.659;4200.765;2;1
1751;1983;10.398;3868.655;3868.608;2;1
1751;1984;10.351;5788.741;5788.753;2;1
1751;1985;10.363;3474.002;3474.002;2;1
1751;1986;10.363;2284.439;2284.404;2;1
1751;1987;10.328;5441.262;5441.332;2;1
1751;1988;10.398;2038.694;2038.744;2;1
1751;1989;10.448;2887.212;2886.675;2;1
1751;1990;10.448;3237.066;3237.719;1;1
1751;1991;10.354;2022.189;2022.095;1;1
1751;1992;10.412;2332.913;2332.971;1;1
1751;1993;10.342;;;1;1
1751;1994;10.342;3354.753;3354.753;1;1
1751;1995;5.363;5468.319;5463.34;1;1
1751;1996;10.436;2867.16;2872.233;1;1
1751;1997;10.401;4797.559;4797.524;1;1
1751;1998;10.448;2201.311;2201.358;1;1
1751;1999;10.307;3382.066;3381.925;1;1
1751;2000;10.389;9470.543;9470.625;1;1
1751;2001;9.248;1530.498;1529.357;1;1
1751;2002;1.923;4946.944;4939.619;1;1
1751;2003;10.166;3078.771;3087.014;1;1
1751;2004;10.389;1898.722;1898.945;1;1
1751;2005;10.389;2117.744;2117.744;1;1
1751;2006;10.318;4221.592;4221.521;1;1
1751;2007;10.33;1985.301;1985.313;1;1
1751;2008;10.377;2647.472;2647.519;1;1
1751;2009;10.377;5668.926;5668.926;1;1
1751;2010;10.35;3528.438;3528.411;1;1
1751;2011;10.307;1887.821;1887.778;1;1
1751;2012;10.271;4402.348;4402.312;1;1
1751;2013;10.354;5863.185;5863.268;1;1
1751;2014;10.38;3159.872;3159.898;1;1
1751;2015;10.42;5848.246;5848.286;1;1
1751;2016;10.41;1673.76;1673.75;1;1
1751;2017;10.32;;;1;1
1751;2018;10.28;2508.898;2508.858;1;1
1751;2019;10.37;4781.758;4781.848;1;1
1751;2020;10.34;4131.497;4131.467;1;1
1768;1958;211.47;;;2;1
1768;1959;203;10692.605;10669.605;2;1
1768;1960;180;7781.875;7807.875;2;1
1768;1961;206;8130.326;8071.526;2;1
1768;1962;147.2;6381.971;6442.591;2;1
1768;1963;207.82;6617.549;6606.629;2;1
1768;1964;196.9;3627.78;3642.08;2;1
1768;1965;211.2;10420.661;10417.261;2;1
1768;1966;207.8;4549.668;4483.368;2;1
1768;1967;141.5;4894.56;4959.76;2;1
1768;1968;206.7;9268.474;9125.774;2;1
1768;1969;64;5428.529;5408.429;2;1
1768;1970;43.9;4955.282;5063.582;2;1
1768;1971;152.2;4914.38;4963.58;2;1
1768;1972;201.4;4383.348;4386.748;2;1
1768;1973;204.8;4940.084;4881.484;2;1
1768;1974;146.2;3021.875;3078.475;2;1
1768;1975;202.8;2486.92;2442.62;2;1
1768;1976;158.5;7824.185;7862.485;2;1
1768;1977;196.8;7815.96;7807.46;2;1
1768;1978;188.3;10122.736;10129.236;2;1
1768;1979;194.8;5038.217;4998.817;2;1
1768;1980;155.4;3138.16;3183.06;2;1
1768;1981;200.3;4633.9;4622.153;2;1
1768;1982;188.553;5657.668;5659.56;2;1
1768;1983;190.445;5134.105;5125.574;2;1
1768;1984;181.914;7431.039;7442.984;2;1
1768;1985;193.859;4525.803;4517.288;2;1
1768;1986;185.344;2975.728;2890.084;2;1
1768;1987;99.7;6865.795;6948.402;2;1
1768;1988;182.307;2590.658;2533.463;2;1
1768;1989;125.112;3664.684;3666.962;2;1
1768;1990;194.465;4110.485;4178.418;1;1
1768;1991;207.179;2608.427;2621.141;1;1
1768;1992;209.986;3021.806;3024.613;1;1
1768;1993;198.954;5687.643;5676.611;1;1
1768;1994;190.884;4506.375;4498.305;1;1
1768;1995;168.14;7008.373;6985.629;1;1
1768;1996;125.112;3841.959;3798.931;1;1
1768;1997;194.743;6329.686;6399.317;1;1
1768;1998;183.105;2890.304;2878.666;1;1
1768;1999;207.032;4421.136;4445.063;1;1
1768;2000;182.186;12091.009;12066.163;1;1
1768;2001;126.722;1848.652;1793.188;1;1
1768;2002;211.029;6172.702;6257.009;1;1
1768;2003;177.521;3793.332;3759.824;1;1
1768;2004;198.756;2292.646;2313.881;1;1
1768;2005;180.359;2691.401;2673.004;1;1
1768;2006;188.709;5268.539;5276.889;1;1
1768;2007;190.829;2466.192;2468.312;1;1
1768;2008;202.036;3359.404;3370.611;1;1
1768;2009;65.215;7322.088;7185.267;1;1
1768;2010;204.67;4381.18;4520.635;1;1
1768;2011;165.786;2334.544;2295.66;1;1
1768;2012;149.139;5723.172;5706.525;1;1
1768;2013;153.477;7104.104;7108.442;1;1
1768;2014;126.25;4044.852;4017.625;1;1
1768;2015;155.12;7053.45;7082.32;1;1
1768;2016;126.77;2015.41;1987.06;1;1
1768;2017;198.03;4380.548;4451.808;1;1
1768;2018;156.03;3349.601;3307.601;1;1
1768;2019;166.02;5986.607;5996.597;1;1
1768;2020;182.97;5195.801;5212.751;1;1
1769;1959;;;;2;1
1769;1960;4.35;8307.187;8306.957;2;1
1769;1961;4.12;;;2;1
1769;1962;0;6616.538;6620.904;2;1
1769;1963;4.366;6907.68;6907.514;2;1
1769;1964;4.2;3766.288;3767.828;2;1
1769;1965;5.74;10849.559;10849.299;2;1
1769;1966;5.48;4730.115;4729.825;2;1
1769;1967;5.19;4928.437;4928.667;2;1
1769;1968;5.42;9641.411;9641.621;2;1
1769;1969;5.63;5743.319;5739.099;2;1
1769;1970;1.41;5210.093;5210.073;2;1
1769;1971;1.39;5257.829;5261.769;2;1
1769;1972;5.33;4576.582;4576.992;2;1
1769;1973;5.74;5213.307;5208.317;2;1
1769;1974;0.75;3194.234;3199.084;2;1
1769;1975;5.6;2591.171;2591.031;2;1
1769;1976;5.46;8319.387;8319.607;2;1
1769;1977;5.68;8242.733;8242.333;2;1
1769;1978;5.28;10753.586;10753.836;2;1
1769;1979;5.53;5252.826;5252.596;2;1
1769;1980;5.3;3287.01;3286.51;2;1
1769;1981;4.8;4870.368;4871.03;2;1
1769;1982;5.462;6029.976;6030.218;2;1
1769;1983;5.704;5388.435;5387.349;2;1
1769;1984;4.618;7851.653;7851.765;2;1
1769;1985;4.73;4735.93;4736.489;2;1
1769;1986;5.289;3228.612;3228.856;2;1
1769;1987;5.533;7339.508;7339.552;2;1
1769;1988;5.577;2684.223;2683.983;2;1
1769;1989;5.337;3831.193;3831.28;2;1
1769;1990;4.649;4228.87;4228.073;1;1
1769;1991;5.462;2736.591;2737.404;1;1
1769;1992;4.506;3163.495;3162.539;1;1
1769;1993;4.933;6047.061;6047.488;1;1
1769;1994;4.552;4818.566;4818.185;1;1
1769;1995;4.982;7485.503;7485.933;1;1
1769;1996;4.134;3961.04;3960.192;1;1
1769;1997;4.346;6569.26;6569.472;1;1
1769;1998;4.386;3021.625;3021.665;1;1
1769;1999;4.173;4670.926;4670.713;1;1
1769;2000;5.017;13179.426;13180.27;1;1
1769;2001;5.038;1897.251;1897.272;1;1
1769;2002;0.315;6567.909;6563.186;1;1
1769;2003;0.228;3980.275;3980.188;1;1
1769;2004;5.001;2450.481;2455.254;1;1
1769;2005;4.813;2992.163;2991.975;1;1
1769;2006;5.107;5610.582;5610.876;1;1
1769;2007;4.845;2717.574;2717.312;1;1
1769;2008;5.408;3707.251;3707.814;1;1
1769;2009;5.156;7845.082;7844.83;1;1
1769;2010;5.21;4762.925;4762.979;1;1
1769;2011;4.803;2499.125;2498.718;1;1
1769;2012;5.001;5957.517;5957.715;1;1
1769;2013;0.378;7390.978;7386.355;1;1
1769;2014;4.87;4292.956;4297.448;1;1
1769;2015;5.33;7514.721;7515.181;1;1
1769;2016;4.79;2205.439;2204.899;1;1
1769;2017;4.75;4487.733;4487.693;1;1
1769;2018;4.85;3594.555;3594.655;1;1
1769;2019;4.81;6073.358;6073.318;1;1
1769;2020;4.64;5287.694;5287.524;1;1
1770;1973;;;;2;1
1770;1974;82.1;82.892;137.792;2;1
1770;1975;137;218.818;235.418;2;1
1770;1976;153.6;525.749;504.449;2;1
1770;1977;132.3;627.986;589.286;2;1
1770;1978;93.6;637.344;827.144;2;1
1770;1979;283.4;523.751;478.051;2;1
1770;1980;237.7;673.797;593.997;2;1
1770;1981;157.9;582.668;615.966;2;1
1770;1982;191.198;654.499;754.927;2;1
1770;1983;291.626;593.719;591.787;2;1
1770;1984;289.694;631.881;589.686;2;1
1770;1985;247.499;363.714;413.323;2;1
1770;1986;297.108;317.594;294.362;2;1
1770;1987;273.876;425.808;539.566;2;1
1770;1988;387.634;325.609;142.271;2;1
1770;1989;204.296;333.024;342.461;2;1
1770;1990;268.357;263.245;317.355;1;1
1770;1991;209.995;200.689;142.327;1;1
1770;1992;331.162;156.685;277.852;1;1
1770;1993;389.726;325.664;384.228;1;1
1770;1994;284.498;429.43;324.202;1;1
1770;1995;355.878;397.687;469.067;1;1
1770;1996;363.627;237.56;245.309;1;1
1770;1997;334.199;433.48;404.052;1;1
1770;1998;324.102;371.901;361.804;1;1
1770;1999;322.599;552.269;550.766;1;1
1770;2000;352.693;720.409;750.503;1;1
1770;2001;302.139;744.714;694.16;1;1
1770;2002;404.608;504.626;607.095;1;1
1770;2003;244.023;519.426;358.841;1;1
1770;2004;290.688;503.34;550.005;1;1
1770;2005;425.785;293.977;429.074;1;1
1770;2006;316.126;636.907;527.248;1;1
1770;2007;247.755;517.297;448.926;1;1
1770;2008;422.132;367.075;541.452;1;1
1770;2009;416.844;572.897;567.609;1;1
1770;2010;451.95;365.31;400.416;1;1
1770;2011;304.976;550.575;403.601;1;1
1770;2012;384.34;677.01;756.374;1;1
1770;2013;446.369;503.571;565.6;1;1
1770;2014;456.11;383.48;393.221;1;1
1770;2015;431.06;582.531;557.481;1;1
1770;2016;240.68;438.461;248.081;1;1
1770;2017;295.4;437.547;492.267;1;1
1770;2018;320.65;463.902;489.152;1;1
1770;2019;376.71;468.676;524.736;1;1
1770;2020;78.7;913.197;615.187;1;1
1780;1980;3.55;55.965;54.505;2;1
1780;1981;2.09;60.882;63.625;2;1
1780;1982;4.833;82.872;81.509;2;1
1780;1983;3.47;72.671;70.388;2;1
1780;1984;1.187;1.73;4.337;2;1
1780;1985;3.794;;;2;1
1780;1986;3.047;48.319;45.804;2;1
1780;1987;0.532;85.034;87.186;2;1
1780;1988;2.684;39.715;40.993;2;1
1780;1989;3.962;46.28;43.555;2;1
1780;1990;1.237;53.475;53.955;2;1
1780;1991;1.717;39.819;40.345;2;1
1780;1992;2.243;58.574;58.297;2;1
1780;1993;1.966;85.361;84.413;2;1
1780;1994;3.059;;;1;1
1780;1995;0.784;;;1;1
1780;1996;3.328;39.587;42.131;1;1
1780;1997;2.887;60.319;59.878;1;1
1780;1998;6.727;;;1;1
1780;1999;2.027;;;1;1
1780;2000;1.958;;;1;1
1780;2001;2.62;;;1;1
1780;2002;3.286;;;1;1
1780;2003;1.515;;;1;1
1780;2004;3.117;;;1;1
1780;2005;2.809;;;1;1
1780;2006;3.393;48.049;48.633;1;1
1780;2007;2.709;6.018;5.334;1;1
1780;2008;3.151;5.976;6.418;1;1
1780;2009;2.79;5.841;5.48;1;1
1780;2010;2.86;6.013;6.083;1;1
1780;2011;3.352;5.881;6.373;1;1
1780;2012;2.651;5.825;5.124;1;1
1780;2013;2.668;5.824;5.841;1;1
1780;2014;4.21;5.835;7.377;1;1
1780;2015;3.49;76.916;76.196;1;1
1780;2016;2.07;24.55;23.13;1;1
1780;2017;1.98;67.219;67.129;1;1
1780;2018;2.15;48.293;48.463;1;1
1780;2019;3.54;74.22;75.61;1;1
1780;2020;5.66;62.757;64.877;1;1
1781;1980;0.11;46.544;46.564;2;1
1781;1981;0.13;68.163;68.163;2;1
1781;1982;0.13;81.655;81.635;2;1
1781;1983;0.11;66.417;66.421;2;1
1781;1984;0.114;97.115;97.111;2;1
1781;1985;0.11;64.594;64.614;2;1
1781;1986;0.13;47.843;47.847;2;1
1781;1987;0.134;110.201;110.179;2;1
1781;1988;0.112;38.249;38.248;2;1
1781;1989;0.111;69.266;69.268;2;1
1781;1990;0.134;67.025;67.046;1;1
1781;1991;0.115;45.896;45.877;1;1
1781;1992;0.169;51.175;51.229;1;1
1781;1993;0.115;88.141;88.087;1;1
1781;1994;0.129;73.344;73.358;1;1
1781;1995;0.12;101.69;101.681;1;1
1781;1996;0.115;65.878;65.873;1;1
1781;1997;0.141;109.065;109.091;1;1
1781;1998;0.146;48.706;48.711;1;1
1781;1999;0.109;69.056;69.019;1;1
1781;2000;0.107;161.351;161.349;1;1
1781;2001;0.107;;;1;1
1781;2002;0.11;90.347;90.35;1;1
1781;2003;0.11;58.667;58.667;1;1
1781;2004;0.109;43.947;43.946;1;1
1781;2005;0.121;57.529;57.541;1;1
1781;2006;0.115;92.798;92.792;1;1
1781;2007;0.111;50.735;50.731;1;1
1781;2008;0.108;55.835;55.832;1;1
1781;2009;0.108;108.074;108.074;1;1
1781;2010;0.11;80.886;80.888;1;1
1781;2011;0.128;44.207;44.225;1;1
1781;2012;0.106;94.85;94.828;1;1
1781;2013;0.085;106.791;106.77;1;1
1781;2014;0.11;71.108;71.133;1;1
1781;2015;0.11;105.059;105.059;1;1
1781;2016;0.11;31.76;31.76;1;1
1781;2017;0.11;78.774;78.774;1;1
1781;2018;0.11;;;1;1
1781;2019;0.11;97.59;97.59;1;1
1781;2020;0.11;88.35;88.35;1;1
1782;1993;18.66;;;1;1
1782;1994;0.117;53.119;34.576;1;1
1782;1995;8.755;54.767;63.405;1;1
1782;1996;26.582;18.389;36.216;1;1
1782;1997;22.539;65.91;61.867;1;1
1782;1998;21.116;32.158;30.735;1;1
1782;1999;27.422;73.729;80.035;1;1
1782;2000;11.576;128.919;113.073;1;1
1782;2001;19.154;99.364;106.942;1;1
1782;2002;31.298;73.837;85.981;1;1
1782;2003;5.67;72.222;46.594;1;1
1782;2004;19.108;101.532;114.97;1;1
1782;2005;19.641;86.01;86.543;1;1
1782;2006;11.161;115.511;107.031;1;1
1782;2007;9.289;88.678;86.806;1;1
1782;2008;20.027;55.349;66.087;1;1
1782;2009;20.074;80.703;80.75;1;1
1782;2010;28.53;69.632;78.088;1;1
1782;2011;10.7;99.041;81.211;1;1
1782;2012;25.921;105.144;120.365;1;1
1782;2013;18.673;129.631;122.383;1;1
1782;2014;11.6;94.614;87.541;1;1
1782;2015;25.91;107.78;122.09;1;1
1782;2016;21.05;60.865;56.005;1;1
1782;2017;12.18;72.004;63.134;1;1
1782;2018;40.4;;;1;1
1782;2019;17.27;114.105;90.975;1;1
1782;2020;6.47;114.902;104.102;1;1
1790;1958;18.56;219.643;218.183;2;1
1790;1959;17.1;361.117;360.917;2;1
1790;1960;16.9;279.736;280.476;2;1
1790;1961;17.64;233.237;251.897;2;1
1790;1962;36.3;225.564;221.534;2;1
1790;1963;32.27;266.954;251.384;2;1
1790;1964;16.7;125.963;135.703;2;1
1790;1965;26.44;369.69;361.25;2;1
1790;1966;18;177.93;170.65;2;1
1790;1967;10.72;237.683;248.633;2;1
1790;1968;21.67;337.22;342.67;2;1
1790;1969;27.12;235.466;209.886;2;1
1790;1970;1.54;165.629;183.679;2;1
1790;1971;19.59;189.001;170.631;2;1
1790;1972;1.22;168.426;180.406;2;1
1790;1973;13.2;189.173;184.693;2;1
1790;1974;8.72;125.984;136.804;2;1
1790;1975;19.54;77.917;83.037;2;1
1790;1976;24.66;283.763;276.323;2;1
1790;1977;17.22;257.932;258.232;2;1
1790;1978;17.52;328.032;319.192;2;1
1790;1979;8.68;177.78;182.8;2;1
1790;1980;13.7;119.232;122.262;2;1
1790;1981;16.73;173.487;158.751;2;1
1790;1982;1.994;222.219;227.475;2;1
1790;1983;7.25;200.796;198.401;2;1
1790;1984;4.855;236.145;238.215;2;1
1790;1985;6.925;173.237;172.045;2;1
1790;1986;5.733;112.751;120.495;2;1
1790;1987;13.477;268.643;258.911;2;1
1790;1988;3.745;100.409;98.094;2;1
1790;1989;1.43;144.055;144.113;2;1
1790;1990;2.613;156.504;157.664;1;1
1790;1991;6.651;103.64;107.678;1;1
1790;1992;17.747;120.568;131.664;1;1
1790;1993;8.009;234.77;225.032;1;1
1790;1994;6.403;177.505;175.899;1;1
1790;1995;11.637;246.268;251.502;1;1
1790;1996;16.717;155.344;160.424;1;1
1790;1997;7.297;238.83;229.41;1;1
1790;1998;27.561;105.463;125.727;1;1
1790;1999;11.008;180.768;164.215;1;1
1790;2000;13.569;383.618;386.179;1;1
1790;2001;23.74;69.872;80.043;1;1
1790;2002;13.118;217.456;206.834;1;1
1790;2003;17.967;135.022;139.871;1;1
1790;2004;17.508;89.526;89.067;1;1
1790;2005;13.162;136.919;132.573;1;1
1790;2006;17.464;200.386;204.688;1;1
1790;2007;25.174;107.344;115.054;1;1
1790;2008;29.342;150.794;154.962;1;1
1790;2009;26.654;253.865;251.177;1;1
1790;2010;25.69;179.124;178.16;1;1
1790;2011;26.769;101.472;102.551;1;1
1790;2012;27.268;226.61;227.109;1;1
1790;2013;39.076;242.157;253.965;1;1
1790;2014;37.18;156.646;154.75;1;1
1790;2015;19.09;282.255;264.165;1;1
1790;2016;19.37;80.569;80.849;1;1
1790;2017;39.7;181.988;202.318;1;1
1790;2018;17.48;171.026;148.806;1;1
1790;2019;12.89;217.417;212.827;1;1
1790;2020;20.22;177.482;184.812;1;1
1791;1960;36.4;225.288;245.658;2;1
1791;1961;56.77;214.053;213.383;2;1
1791;1962;56.1;197.329;181.579;2;1
1791;1963;40.35;;;2;1
1791;1964;67.4;140.815;106.115;2;1
1791;1965;32.7;288.852;321.752;2;1
1791;1966;65.6;153.603;144.103;2;1
1791;1967;56.1;146.397;142.597;2;1
1791;1968;52.3;278.168;289.468;2;1
1791;1969;63.6;143.314;158.214;2;1
1791;1970;78.5;195.474;182.474;2;1
1791;1971;65.5;208.272;170.672;2;1
1791;1972;27.9;148.364;153.564;2;1
1791;1973;33.1;105.225;149.625;2;1
1791;1974;77.5;138.701;110.601;2;1
1791;1975;49.4;73.512;76.012;2;1
1791;1976;51.9;212.299;228.599;2;1
1791;1977;68.2;267.768;254.768;2;1
1791;1978;55.2;286.43;292.63;2;1
1791;1979;61.4;135.183;154.283;2;1
1791;1980;80.5;114.173;109.973;2;1
1791;1981;76.3;158.538;131.861;2;1
1791;1982;49.623;189.031;187.986;2;1
1791;1983;48.578;180.45;181.691;2;1
1791;1984;49.819;202.805;211.487;2;1
1791;1985;58.501;137.806;145.081;2;1
1791;1986;65.776;105.614;112.91;2;1
1791;1987;73.072;239.355;221.801;2;1
1791;1988;62.94;60.29;67.784;1;1
1791;1989;56.09;129.419;122.569;1;1
1791;1990;75;111.51;130.42;1;1
1791;1991;74.22;73.57;72.79;1;1
1791;1992;85.52;95.75;107.05;1;1
1791;1993;69.4;217.021;200.901;1;1
1791;1994;73.8;125.06;129.46;1;1
1791;1995;60.23;231.871;218.301;1;1
1791;1996;69.9;101.591;111.261;1;1
1791;1997;55.48;227.14;212.72;1;1
1791;1998;50.05;96.959;91.529;1;1
1791;1999;73.88;86.5;110.33;1;1
1791;2000;71.24;386.63;383.99;1;1
1791;2001;50.64;54.89;34.29;1;1
1791;2002;64.36;184.12;197.84;1;1
1791;2003;65.19;104.2;105.03;1;1
1791;2004;48.22;73.59;56.62;1;1
1791;2005;69.12;58.82;79.72;1;1
1791;2006;75.89;136.781;143.551;1;1
1791;2007;79.54;65.83;69.48;1;1
1791;2008;79.04;110.9;110.4;1;1
1791;2009;79.96;233.8;234.72;1;1
1791;2010;103.43;126.874;150.344;1;1
1791;2011;51.39;116.357;64.317;1;1
1791;2012;89.08;152.45;190.14;1;1
1791;2013;69.04;241.56;221.52;1;1
1791;2014;83.37;122.34;136.67;1;1
1791;2015;87.14;208.13;211.9;1;1
1791;2016;51.59;79.92;44.37;1;1
1791;2017;78.86;123.776;151.046;1;1
1791;2018;95.04;111.493;127.673;1;1
1791;2019;84.511;194.189;183.66;1;1
1791;2020;79.04;172.611;167.14;1;1
1792;1969;9.16;219.404;219.544;2;1
1792;1970;9.3;231.846;230.906;2;1
1792;1971;8.36;244.477;245.177;2;1
1792;1972;9.06;189.415;189.665;2;1
1792;1973;9.31;137.687;135.937;2;1
1792;1974;7.56;153.127;155.507;2;1
1792;1975;9.94;171.988;170.608;2;1
1792;1976;8.56;258.543;259.953;2;1
1792;1977;9.97;321.227;317.277;2;1
1792;1978;6.02;342.161;343.741;2;1
1792;1979;7.6;178.917;175.237;2;1
1792;1980;3.92;148.812;152.342;2;1
1792;1981;7.45;186.925;186.172;2;1
1792;1982;6.697;236.259;234.066;2;1
1792;1983;4.504;218.086;220.151;2;1
1792;1984;6.569;241.852;241.67;2;1
1792;1985;6.387;160.604;163.335;2;1
1792;1986;9.118;124.854;122.388;2;1
1792;1987;6.652;270.369;271.491;2;1
1792;1988;7.774;69.369;70.222;2;1
1792;1989;8.627;140.038;139.851;2;1
1792;1990;7.945;128.655;128.138;1;1
1792;1991;6.735;86.815;85.605;1;1
1792;1992;8.839;109.303;111.407;1;1
1792;1993;9.258;233.873;234.292;1;1
1792;1994;9.14;144.266;144.148;1;1
1792;1995;7.917;266.446;265.223;1;1
1792;1996;7.967;126.946;126.996;1;1
1792;1997;8.752;268.585;269.37;1;1
1792;1998;7.046;123.787;122.081;1;1
1792;1999;6.931;113.608;113.493;1;1
1792;2000;8.839;408.049;409.957;1;1
1792;2001;9.673;72.726;73.56;1;1
1792;2002;9.661;211.402;211.39;1;1
1792;2003;5.152;141.85;137.341;1;1
1792;2004;6.203;96.231;97.282;1;1
1792;2005;8.205;79.73;81.732;1;1
1792;2006;6.33;164.857;162.982;1;1
1792;2007;7.478;88.886;90.034;1;1
1792;2008;6.224;138.356;137.102;1;1
1792;2009;8.372;265.835;267.983;1;1
1792;2010;6.51;151.823;149.961;1;1
1792;2011;8.226;121.608;123.324;1;1
1792;2012;9.016;176.383;177.173;1;1
1792;2013;6.944;278.403;276.331;1;1
1792;2014;7.86;137.541;138.457;1;1
1792;2015;7.86;237.432;237.432;1;1
1792;2016;7.33;81.109;80.579;1;1
1792;2017;7.73;137.368;137.768;1;1
1792;2018;7.38;99.777;99.427;1;1
1792;2019;8.42;218.073;219.113;1;1
1792;2020;7.5;191.415;190.495;1;1
1794;1972;;;;2;1
1794;1973;1.12;98.412;98.572;2;1
1794;1974;1.28;70.95;71.7;2;1
1794;1975;2.03;49.679;49.009;2;1
1794;1976;1.36;;;2;1
1795;1958;3.4;9.45;7.77;2;2
1795;1959;1.72;;;2;1
1795;1960;1.69;26.107;26.037;2;1
1795;1961;1.62;;;2;1
1795;1962;;;;2;1
1795;1976;;;;2;1
1795;1977;1.7;119.24;119.75;2;1
1795;1978;2.21;113.638;113.958;2;1
1795;1979;2.53;64.773;63.833;2;1
1795;1980;1.59;47.026;46.396;2;1
1795;1981;0.96;37.299;39.872;2;1
1795;1982;3.533;51.756;48.791;2;1
1795;1983;0.568;44.121;45.366;2;1
1795;1984;1.813;10.668;9.514;2;1
1795;1985;0.659;;;2;1
1795;1986;1.54;29.981;29.035;2;1
1795;1987;0.594;51.375;52.835;2;1
1795;1988;2.054;22.994;22.928;2;1
1795;1989;1.988;30.616;29.26;2;1
1795;1990;0.632;32.569;33.46;2;1
1795;1991;1.523;25.166;25.051;2;1
1795;1992;1.408;35.538;35.749;2;1
1795;1993;1.619;53.015;53.028;2;1
1795;1994;1.827;;;1;1
1795;1995;1.184;117.867;117.224;1;1
1795;1996;1.208;50.921;50.945;1;1
1795;1997;2.158;67.348;68.298;1;1
1795;1998;1.418;;;1;1
1795;1999;0.895;;;1;1
1795;2000;1.215;;;1;1
1795;2001;0.654;;;1;1
1795;2002;0.823;;;1;1
1795;2003;0.561;;;1;1
1795;2004;0.727;;;1;1
1795;2005;0.717;;;1;1
1795;2006;0.962;55.462;55.707;1;1
1795;2007;0.744;68.683;68.465;1;1
1795;2008;0.764;97.626;97.646;1;1
1795;2009;0.888;150.144;150.268;1;1
1795;2010;0.77;91.786;91.668;1;1
1795;2011;1.072;50.846;51.148;1;1
1795;2012;0.857;154.076;153.861;1;1
1795;2013;0.682;156.673;156.498;1;1
1795;2014;1.02;88.393;88.731;1;1
1795;2015;2.15;147.424;148.554;1;1
1795;2016;0.7;44.532;43.082;1;1
1795;2017;0.98;127.166;127.446;1;1
1795;2018;0.69;95.976;95.686;1;1
1795;2019;0.7;131.442;131.452;1;1
1795;2020;1.16;119.588;120.048;1;1
1796;1978;5.37;69.448;68.048;2;1
1796;1979;3.97;29.834;31.945;2;1
1796;1980;4.79;21.392;20.09;1;1
1796;1981;2.249;31.682;29.141;1;1
1796;1982;7.807;19.903;25.461;1;1
1796;1983;6.635;25.432;24.26;1;1
1796;1984;2.603;46.784;42.752;1;1
1796;1985;4.34;25.414;27.151;1;1
1796;1986;1.996;19.089;16.745;1;1
1796;1987;6.952;29.583;34.539;1;1
1796;1988;1.347;13.344;7.739;1;1
1796;1989;3.411;14.07;16.134;1;1
1796;1990;3.784;19.435;19.808;1;1
1796;1991;4.369;10.328;10.913;1;1
1796;1992;11.146;13.084;19.861;1;1
1796;1993;7.268;37.29;33.412;1;1
1796;1994;4.581;31.57;;1;1
1796;1995;4.544;32.756;32.719;1;1
1796;1996;7.887;13.818;17.161;1;1
1796;1997;7.697;48.41;48.22;1;1
1796;1998;6.115;20.982;19.4;1;1
1796;1999;6.527;23.276;23.688;1;1
1796;2000;7.807;65.555;66.835;1;1
1796;2001;2.79;19.263;14.246;1;1
1796;2002;4.831;30.383;32.424;1;1
1796;2003;6.797;;;1;1
1796;2004;3.699;;;1;1
1796;2005;3.92;20.663;20.884;1;1
1796;2006;9.082;27.462;32.624;1;1
1796;2007;10.254;16.988;18.16;1;1
1796;2008;8.085;29.224;27.055;1;1
1796;2009;8.375;50.285;50.575;1;1
1796;2010;4.14;36.076;31.841;1;1
1796;2011;2.975;14.776;13.611;1;1
1796;2012;6.4;20.493;23.918;1;1
1796;2013;8.75;29.326;31.676;1;1
1796;2014;6;16.376;13.626;1;1
1796;2015;6.98;25.835;26.815;1;1
1796;2016;3.66;7.697;4.377;1;1
1796;2017;9.15;13.405;18.895;1;1
1796;2018;6.57;14.103;11.523;1;1
1796;2019;4.25;28.367;26.047;1;1
1796;2020;4.86;21.068;21.678;1;1
1807;1972;;;;2;1
1807;1973;37.13;130.773;158.913;2;1
1807;1974;65.27;155.32;110.39;2;1
1807;1975;20.34;61.76;57.01;2;1
1807;1976;15.59;167.228;230.018;2;1
1807;1977;78.38;212.28;186.3;2;1
1807;1978;52.4;300.706;312.896;2;1
1807;1979;64.59;163.88;115.44;2;1
1807;1980;16.15;69.642;63.212;2;1
1807;1981;9.72;95.347;118.115;2;1
1807;1982;32.488;164.304;159.274;2;1
1807;1983;27.458;148.447;138.398;2;1
1807;1984;17.409;215.694;221.642;2;1
1807;1985;23.357;;;2;1
1807;1986;45.177;153.672;108.495;2;1
1807;1987;0;210.59;210.59;2;1
1807;1988;0;65.424;81.827;2;1
1807;1989;16.403;167.345;167.967;2;1
1807;1990;17.025;125.024;127.303;2;1
1807;1991;19.304;71.868;72.589;2;1
1807;1992;20.025;81.084;83.464;2;1
1807;1993;22.405;176.266;181.929;2;1
1807;1994;26.659;130.674;128.588;1;1
1807;1995;24.405;229.828;227.574;1;1
1807;1996;30.751;101.918;108.264;1;1
1807;1997;32.222;193.878;195.349;1;1
1807;1998;38.355;61.894;68.027;1;1
1807;1999;3.321;160.704;125.67;1;1
1807;2000;11.7;367.529;375.908;1;1
1807;2001;26.515;31.685;46.5;1;1
1807;2002;24.047;205.178;202.71;1;1
1807;2003;15.249;86.213;77.415;1;1
1807;2004;24.445;54.058;63.254;1;1
1807;2005;36.106;85.802;97.463;1;1
1807;2006;36.971;155.992;156.857;1;1
1807;2007;31.042;83.737;77.808;1;1
1807;2008;24.722;99.188;92.868;1;1
1807;2009;18.976;249.83;244.084;1;1
1807;2010;26.73;149.744;157.498;1;1
1807;2011;25.257;69.218;67.745;1;1
1807;2012;22.13;168.407;165.28;1;1
1807;2013;38.103;191.146;207.119;1;1
1807;2014;29.7;108.165;99.762;1;1
1807;2015;35;188.19;193.49;1;1
1807;2016;41.02;55.033;61.053;1;1
1807;2017;34.67;142.111;135.761;1;1
1807;2018;32.71;94.6;92.64;1;1
1807;2019;22.28;152.792;142.362;1;1
1807;2020;22.55;134.43;134.7;1;1
1808;1958;15.39;358.806;367.916;2;1
1808;1959;24.5;913.905;910.805;2;1
1808;1960;21.4;616.084;620.184;2;1
1808;1961;25.5;;;2;1
1808;1962;20.3;430.514;450.354;2;1
1808;1963;40.14;534.617;525.777;2;1
1808;1964;31.3;148.565;142.815;2;1
1808;1965;25.55;805.029;818.839;2;1
1808;1966;39.36;315.555;311.685;2;1
1808;1967;35.49;226.689;231.949;2;1
1808;1968;40.75;707.585;706.045;2;1
1808;1969;39.21;321.632;303.262;2;1
1808;1970;20.84;270.714;314.544;2;1
1808;1971;64.67;395.052;364.182;2;1
1808;1972;33.8;339.482;347.812;2;1
1808;1973;42.13;593.654;566.914;2;1
1808;1974;15.39;337.537;362.697;2;1
1808;1975;40.55;164.326;173.046;2;1
1808;1976;49.27;879.633;861.053;2;1
1808;1977;30.69;786.352;798.732;2;1
1808;1978;43.07;1307.141;1300.401;2;1
1808;1979;36.33;480.428;495.338;2;1
1808;1980;51.24;203.979;201.689;2;1
1808;1981;48.95;366.563;360.352;2;1
1808;1982;42.739;575.521;585.804;2;1
1808;1983;53.022;573.025;556.176;2;1
1808;1984;36.173;748.711;743.215;2;1
1808;1985;30.677;;;2;1
1808;1986;28.003;353.167;351.686;2;1
1808;1987;26.522;743.34;754.953;2;1
1808;1988;38.135;179.178;186.081;2;1
1808;1989;45.038;484.236;484.607;2;1
1808;1990;45.409;383.829;366.545;2;1
1808;1991;28.125;203.187;197.506;2;1
1808;1992;22.444;232.734;242.712;2;1
1808;1993;32.422;604.683;606.576;2;1
1808;1994;26.195;392.493;383.636;1;1
1808;1995;37.358;719.188;730.351;1;1
1808;1996;38.667;350.524;351.833;1;1
1808;1997;36.689;708.56;706.582;1;1
1808;1998;44.72;206.119;214.15;1;1
1808;1999;35.133;505.132;495.545;1;1
1808;2000;31.542;1384.135;1380.544;1;1
1808;2001;30.24;135.914;134.612;1;1
1808;2002;17.557;775.232;762.549;1;1
1808;2003;25.001;293.147;300.591;1;1
1808;2004;25.358;176.811;;1;1
1808;2005;29.534;257.871;262.047;1;1
1808;2006;26.919;500.757;498.142;1;1
1808;2007;25.09;219.172;217.343;1;1
1808;2008;26.248;296.347;297.505;1;1
1808;2009;23.56;909.002;906.314;1;1
1808;2010;18.56;544.598;539.598;1;1
1808;2011;23.015;157.594;162.049;1;1
1808;2012;18.215;603.748;598.948;1;1
1808;2013;20.076;737.545;739.406;1;1
1808;2014;36.75;355.397;372.071;1;1
1808;2015;22.94;726.462;712.652;1;1
1808;2016;24.18;158.453;159.693;1;1
1808;2017;23.01;470.268;469.098;1;1
1808;2018;15.84;329.89;322.72;1;1
1808;2019;38.5;478.212;500.872;1;1
1808;2020;19.85;446.613;427.963;1;1
