indroea;totanos;totanosc;totanosinc;anoini;anofin;totmeses;medano;minano;maxano;cv;cs;minmes;maxmes;moct;mnov;mdic;mene;mfeb;mmar;mabr;mmay;mjun;mjul;mago;msep;q5;q25;q50;q75;q95
1010;38;15;23;1913;1958;260;13.688;5.54;26.11;0.42;0.62;1.41;72.39;6.748;15.208;19.012;22.344;21.574;23.076;19.882;13.736;9.128;5.418;4.01;4.286;40.42;14.6;7.24;4.29;2.18
1011;24;0;24;1912;1940;74;;;;;;;;52.827;50.008;50.015;85.823;76.146;80.365;72.97;78.417;59.569;60.356;44.413;40.49;116.21;88.93;60.8;38.79;15.8
1012;20;0;20;1914;1937;51;;;;;;;;;1.74;2.293;1.027;4.195;2.1;3.124;4.01;3.31;2.658;2.002;1.405;7.75;3.42;2.44;1.68;0.97
1018;33;9;24;1912;1951;199;76.732;34.05;131.91;0.41;0.44;5.82;344.52;27.714;86.406;115.151;122.667;133.443;118.995;113.673;99.704;50.75;24.162;16.903;17.521;199.9;95.1;35.99;18.85;12.33
1019;8;7;1;1944;1951;95;0.811;0.54;1.14;0.27;0.17;0.25;4.19;0.366;0.681;1.204;1.568;1.523;1.215;1.183;0.806;0.625;0.401;0.339;0.333;2.86;1.02;0.57;0.37;0.27
1603;14;12;2;2007;2020;158;1.834;0.67;2.71;0.35;-0.53;0.09;10.64;0.3;1.838;3.323;3.794;4.76;3.388;2.585;1.315;0.903;0.375;0.211;0.158;7.19;2.74;0.98;0.35;0.15
1605;14;13;1;2007;2020;161;10.389;4.85;14.21;0.28;-0.73;0.86;43.21;2.425;11.468;18.796;20.682;22.109;16.271;12.914;8.035;6.503;2.846;1.461;1.391;33.06;16.23;6.61;2.34;1.15
1607;47;42;5;1974;2020;553;12.269;4.54;23.44;0.43;0.69;0.22;67.54;4.992;12.832;20.941;24.635;23.877;17.646;16.722;11.605;7.058;3.282;1.648;1.646;40.54;18.46;6.92;2.53;1.05
1608;47;43;4;1974;2020;550;11.371;4.56;19.44;0.32;0.14;0.33;55.17;5.334;12.926;19.273;22.986;21.361;16.204;15.027;10.349;6.266;3.174;1.963;2.19;35.13;16.24;7.4;3.04;1.07
1609;57;31;26;1915;1973;495;20.651;13.02;45.84;0.33;1.74;0.58;156.78;7.096;18.199;34.507;43.541;41.179;31.625;21.91;15.901;10.758;6.063;4.452;4.745;51.96;25.23;11.67;5.58;2.53
1617;46;42;4;1970;2020;539;8.087;2.78;15.76;0.32;0.4;0.12;40.29;3.607;9.298;14.964;16.81;16.271;11.992;9.897;6.788;3.642;1.433;0.69;0.773;26.16;12.32;5.35;1.54;0.38
1619;51;48;3;1970;2020;602;23.01;8.69;56.71;0.37;1.09;0.53;156.55;9.961;26.339;42.815;48.113;47.175;33.924;27.754;18.847;10.087;4.79;2.597;2.502;77.48;32.68;14.05;4.7;1.6
1620;14;13;1;2007;2020;164;3.86;1.37;5.52;0.35;-0.59;0.08;21.98;0.629;3.368;7.005;8.559;9.562;6.718;5.181;2.763;1.569;0.629;0.252;0.194;14.71;5.72;1.98;0.58;0.15
1621;85;60;25;1918;2008;814;42.999;18.39;119.37;0.43;1.3;0.36;322.53;18.781;45.014;80.297;92.778;86.38;65.568;50.735;33.789;19.256;9.452;6.129;7.935;141.1;61.18;26.32;9.46;3.3
1622;13;12;1;2008;2020;155;54.448;21.44;74.13;0.32;-0.72;2.69;242.22;12.113;59.499;97.727;116.775;131.46;92.338;65.206;36.223;24.548;11.478;6.305;5.688;185.46;88.65;29.34;11.11;4.12
1624;14;12;2;2007;2020;160;14.629;5.77;19.85;0.31;-0.87;1.74;80.55;3.862;12.534;22.521;27.691;32.685;24.365;18.669;11.158;8.283;4.378;2.912;2.662;44.71;19.17;8.57;3.79;2.31
1625;13;12;1;2008;2020;153;3.887;1.22;5.55;0.35;-0.81;0.09;22.55;0.92;3.702;6.376;7.822;9.692;6.601;5.042;2.7;1.743;0.814;0.432;0.438;13.51;5.27;2.07;0.76;0.32
1626;39;38;1;1970;2008;464;3.507;1.43;8.06;0.44;1.39;0.35;29.42;1.726;3.168;5.76;6.483;7.133;4.969;4.433;3.409;2.222;1.272;0.789;0.766;11.11;4.74;2.26;0.97;0.58
1628;13;12;1;2008;2020;155;5.422;1.88;7.88;0.34;-0.74;0.27;27.93;0.94;4.277;8.443;10.935;13.691;9.691;7.452;4.146;2.698;1.292;0.612;0.488;18.67;7.41;2.94;0.94;0.4
1629;9;9;0;1951;1959;108;100.248;53.32;206.21;0.41;1.71;3.41;895.25;20.644;78.149;214.459;200.126;214.68;188.054;147.099;64.596;37.123;20.256;10.121;12.06;362.48;138.45;53.44;17.98;7.68
1631;11;11;0;2010;2020;132;246.575;110.63;352.25;0.33;-0.38;35;1185.15;111.468;207.725;328.165;394.778;512.242;406.597;334.38;209.878;148.307;114.478;83.078;124;640.64;317.15;173.96;107.14;58.35
1637;4;4;0;1968;1971;48;16.385;11.16;24.68;0.32;0.7;0.62;98.52;3.433;12.36;15.253;52.495;41.01;28.418;13.223;15.645;8.198;3.22;2.188;2.023;73.51;23.82;9.31;3.07;0.75
1638;14;12;2;2007;2020;163;3.632;1.35;5.91;0.34;-0.03;0.09;18.26;1.133;3.535;5.986;7.302;7.575;5.777;4.714;2.954;1.489;0.661;0.306;0.243;12.95;5.18;1.9;0.66;0.19
1639;13;10;3;2008;2020;145;18.618;7.32;32.03;0.36;0.29;0.3;91.57;9.539;25.295;31.317;37.108;39.678;28.093;19.528;11.47;5.825;4.804;3.404;3.964;66.53;24.85;10.05;5.09;1.35
1640;14;12;2;2007;2020;163;21.479;10.45;31.14;0.34;-0.14;0.64;103.93;9.126;24.835;33.904;44.039;44.644;33.117;25.656;16.426;8.156;6.599;3.735;4.541;76.44;31.53;13.45;5.92;1.82
1641;40;24;16;1918;1966;316;329.548;129.88;653.44;0.41;0.75;18.94;2357.01;118.133;303.565;558.767;584.486;614.652;584.188;456.476;272.133;163.785;76.61;54.511;63.188;1102.54;431.36;219.88;96.06;31.58
1642;13;11;2;2008;2020;151;342.501;154;475.24;0.31;-0.44;35.17;1633.87;151.138;303.176;458.95;577.588;708.593;555.227;428.804;265.314;190.126;143.976;107.053;136.271;904.3;456.23;219.75;144.67;78.83
1644;13;11;2;2008;2020;151;9.844;4.6;14.71;0.32;-0.31;0.6;45.93;6.402;14.115;17.258;20.918;20.418;13.404;9.318;6.414;3.415;1.728;1.289;1.695;33.8;14.76;6.02;2.03;0.71
1645;51;46;5;1970;2020;605;15.725;6.12;35.68;0.41;0.77;0.63;141.42;11.337;19.101;30.267;31.77;33.125;19.998;16.711;13.123;7.429;3.644;1.975;3.048;57.59;20.66;9.28;3.66;1.38
1646;13;12;1;2008;2020;153;1.568;0.43;3.13;0.47;0.42;0.03;13.65;0.71;1.723;3.027;3.502;4.088;1.992;1.488;1.021;0.605;0.284;0.183;0.207;5.97;2.03;0.84;0.32;0.07
1647;34;30;4;1972;2020;386;6.315;1.92;20.79;0.62;1.9;0.06;73.92;3.751;6.028;10.679;11.936;14.078;10.401;8.466;4.99;3.157;1.199;0.767;1.089;22.23;7.99;3.61;1.59;0.42
1659;14;12;2;2007;2020;161;10.195;3.32;16.12;0.38;-0.28;0.44;69.01;2.298;7.068;14.819;18.499;23.394;18.173;15.328;9.135;5.233;2.25;1.007;0.847;35.67;12.86;5.44;1.94;0.71
1705;11;11;0;1956;1966;132;23.43;9.68;37.01;0.34;0.05;0.36;119.5;11.949;26.806;34.936;34.778;39.477;44.091;38;23.198;13.419;6.905;4.445;4.055;66.81;35.62;17.17;7.82;2.9
1715;14;13;1;2007;2020;164;2.882;1.2;4.28;0.34;-0.22;0.27;13.14;0.936;2.695;4.066;4.932;5.526;4.942;4.589;2.974;1.693;0.862;0.513;0.451;8.64;3.93;1.78;0.68;0.39
1718;14;13;1;1953;1966;157;13.178;4.96;24.9;0.44;0.62;0;90.87;5.228;13.199;25.61;26.352;23.672;25.295;17.664;9.206;5.656;2.848;3.264;1.91;49.64;18.33;7.41;2.74;0.88
1719;13;12;1;2008;2020;153;5.663;3.48;9.39;0.38;0.57;2.6;54.5;3.374;3.638;7.936;5.82;8.38;7.551;11.336;4.455;3.635;3.63;3.587;3.512;20.55;4.01;3.62;3.34;2.86
1720;13;11;2;2008;2020;149;1.055;0.67;1.33;0.19;-0.6;0.25;2.15;0.869;0.71;0.883;0.928;1.109;0.945;0.985;1.1;1.278;1.329;1.4;1.283;1.71;1.32;1.1;0.88;0.39
1721;14;12;2;2007;2020;158;11.982;5.65;21.09;0.41;0.36;0.46;61.76;3.489;12.688;17.69;24.533;27.19;22.588;19.79;11.408;5.823;2.889;1.368;1.379;39.63;17.21;6.43;2.26;0.92
1722;14;13;1;1995;2008;165;6.487;2.69;13.43;0.42;0.97;0.61;32.97;3.596;8.061;11.609;12.181;9.188;9.865;8.58;6.273;3.686;1.822;1.233;1.305;20.49;9.84;4.32;1.92;0.98
1723;14;12;2;2007;2020;161;5.8;2.15;8.27;0.3;-0.62;0.55;27.52;1.735;5.896;8.747;9.902;11.285;9.975;8.76;5.478;3.487;1.914;1.176;0.97;15.98;7.74;3.62;1.47;0.88
1724;48;46;2;1973;2020;565;11.911;4.63;25.2;0.4;0.79;0.37;79.47;5.898;13.083;19.364;22.094;23.773;18.49;16.298;11.098;6.148;2.889;1.65;1.901;36.21;16.76;7.92;3.03;1.07
1725;12;11;1;2009;2020;142;4.418;2.29;6.57;0.31;-0.15;0.06;19.22;1.779;5.56;6.745;8.214;9.085;7.624;6.547;3.878;2.247;0.999;0.644;0.518;13.88;7.09;3.08;1.03;0.38
1726;14;12;2;2007;2020;160;9.203;3.19;13.52;0.35;-0.48;0.55;49.26;2.354;8.378;14.366;17.875;19.747;16.065;12.888;8.255;4.794;2.123;1.25;1.086;26.87;12.35;5.35;1.74;0.97
1727;41;38;3;1958;2008;485;14.343;4.96;33.57;0.44;0.92;0.6;94.74;8.375;13.114;22.4;25.275;25.161;20.76;17.427;13.641;9.946;6.286;4.822;4.631;40.03;19.44;9.96;4.9;1.74
1728;13;11;2;2008;2020;152;33.828;12.19;57.78;0.5;0.31;3.45;300.34;11.734;28.318;55.14;62.232;89.163;54.212;51.526;26.039;17.655;12.251;9.617;11.978;134.01;37.67;19.05;11.18;5.41
1729;13;10;3;2008;2020;150;4.697;1.03;7.03;0.35;-0.72;0.02;23.13;1.36;5.333;7.53;10.035;10.339;7.16;5.592;2.942;1.275;0.408;0.233;0.343;17.26;7.07;2.29;0.43;0.09
1734;94;75;19;1914;2020;953;11.981;3.59;32.28;0.58;1.21;0.53;96.35;4.826;10.61;17.558;19.045;20.486;18.766;17.14;13.626;8.046;4.207;2.646;2.862;37.55;14.81;6.95;2.96;1.25
1739;43;30;13;1913;2020;453;80.145;18.21;185.13;0.5;0.57;4.6;634.38;29.564;64.349;109.976;129.088;144.565;137.429;114.493;61.235;39.003;22.703;14.155;19.426;262;86.06;40.66;20.21;8.14
1742;13;12;1;2008;2020;153;1.408;0.63;2.31;0.32;0.14;0;11.27;0.464;2.013;2.981;2.497;2.34;2.146;2.042;1.398;0.658;0.267;0.12;0.072;3.79;2.17;1.14;0.2;0.02
1747;39;36;3;1950;1992;465;23.34;10.46;45.17;0.34;0.71;0.45;195.12;12.018;26.617;43.045;45.54;47.544;39.714;32.285;24.384;12.042;4.753;2.139;2.85;74.7;34.65;16.1;4.38;1.39
1748;32;30;2;1950;1985;382;8.074;2.63;13.79;0.31;0.36;0.16;67.12;3.672;9.421;16.332;16.591;16.616;13.063;9.954;8.062;3.843;1.551;0.889;1.286;26.65;12.31;5.08;1.44;0.5
1749;39;37;2;1954;1992;466;46.316;17.46;109.05;0.47;1.05;0.99;324.8;24.701;48.845;76.765;84.802;93.986;71.926;63.359;44.934;26.487;13.597;8.626;10.948;135.92;75.05;29.74;8.77;2.59
1751;41;39;2;1952;1992;490;127.507;56.1;245.75;0.38;0.69;2.61;1046.55;59.014;121.643;216.14;237.218;268.757;223.69;189.201;128.149;72.041;30.914;18.033;21.306;404.85;182.41;89.13;30.88;8.74
1753;14;12;2;2007;2020;159;12.373;4.82;17.48;0.34;-0.48;1.73;62.64;3.425;11.885;18.961;24.888;27.501;20.142;15.161;8.998;6.007;3.699;2.643;2.376;44.6;16.34;6.13;3.05;2.06
1754;47;46;1;1959;2007;563;13.333;3.07;25.43;0.41;0.31;0.02;110.21;6.553;13.793;23.076;25.829;26.393;19.812;17.076;12.906;7.821;4.25;2.619;2.673;44.87;18.63;8.38;3.52;1.38
1763;14;13;1;2007;2020;166;1.167;0.46;1.81;0.33;-0.08;0.2;5.11;0.389;0.911;1.497;1.916;2.341;1.922;1.58;1.118;0.838;0.559;0.416;0.34;3.28;1.51;0.73;0.41;0.28
1765;98;77;21;1914;2020;1010;5.635;0.45;14.9;0.53;1.25;0.16;47.71;2.513;5.005;8.496;10.711;11.57;8.646;6.626;4.672;2.998;1.717;1.331;1.356;17.9;6.78;3.1;1.61;0.69
1768;43;41;2;1950;1992;514;167.374;71.77;329.53;0.39;0.77;5.98;1240.88;73.743;156.823;269.642;305.337;357.645;303.942;242.27;164.356;94.552;43.146;25.721;30.788;556.15;236.06;115.6;42.27;16.23
1769;77;50;27;1913;1992;685;172.845;68.75;346.62;0.41;0.75;6.38;1324.48;66.533;147.516;270.555;310.998;355.242;289.655;238.46;157.649;91.318;41.962;26.451;29.792;512.69;218.26;95.34;35.07;14.88
1805;38;33;5;1972;2020;441;8.737;1.73;19.22;0.48;0.46;0.2;69.71;1.71;3.438;10.343;17.1;20.503;14.499;14.4;10.613;5.188;2.168;1.194;1.057;29.48;13.46;4.32;1.43;0.4
1806;13;12;1;2008;2020;153;1.688;0.77;4.22;0.51;1.95;0.02;43.62;0.565;1.233;1.943;2.592;3.191;5.332;1.992;1.402;0.825;0.392;0.252;0.239;4.83;1.84;1.11;0.42;0.16
1809;13;6;7;2008;2020;142;2.16;1.28;3.09;0.26;0.12;0.08;9.84;2.138;3.151;4.121;4.498;4.103;2.949;2.261;1.558;0.706;0.362;0.217;0.362;7.76;3.36;1.6;0.5;0.14
1821;10;2;8;2011;2020;94;0.5;0.25;0.75;0.5;0;0.04;28.92;0.377;0.929;1.013;1.402;0.864;4.085;0.827;0.726;1.93;3.246;3.331;2.089;17.62;1.09;0.43;0.2;0.06
1822;10;10;0;2011;2020;120;3.433;1.79;5.17;0.36;-0.06;0.38;14.97;1.364;4.136;5.33;6.53;8.115;5.94;4.418;2.273;1.214;0.794;0.658;0.717;12.08;5.02;1.8;0.84;0.59
1823;10;7;3;2011;2020;114;18.223;7.18;27.1;0.38;-0.27;0;120.42;9.157;22.013;33.648;35.591;45.65;26.469;19.704;12.139;4.522;1.516;0.876;2.058;76.54;25.07;10.61;3.1;0.58
1824;10;9;1;2011;2020;119;3.912;1.43;5.35;0.36;-0.76;0.31;16.58;1.039;3.206;5.377;7.447;9.163;7.494;5.997;3.568;1.683;0.884;0.525;0.501;13.38;6.1;2.28;0.76;0.44
1825;6;0;6;2015;2020;;;;;;;;;;;;;;;;;;;;;;;;;
1826;6;0;6;2015;2020;;;;;;;;;;;;;;;;;;;;;;;;;
1827;6;0;6;2015;2020;;;;;;;;;;;;;;;;;;;;;;;;;
1828;4;4;0;2017;2020;48;250.665;176.92;310.18;0.19;-0.4;51.75;1109;102.72;220.223;466.598;383.16;462.588;417.993;311.198;175.548;149.683;133.655;81.023;114.85;885.55;318.16;180.51;97.31;67.91
1829;10;10;0;2011;2020;120;6.191;2.1;9.91;0.4;-0.32;0.17;42.23;1.56;4.804;8.614;11.646;16.01;12.198;10.364;5.458;2.407;0.914;0.428;0.506;26.43;8.19;3.13;1.01;0.3
1830;4;3;1;2017;2020;43;4.563;2.67;5.59;0.29;-0.7;0.23;27.67;1.14;5.188;11.513;7.943;9.703;8.308;9.66;1.657;1.59;0.653;0.453;0.417;24.26;6.67;2.24;0.69;0.3
1831;10;10;0;2011;2020;120;3.094;0.59;6.83;0.6;0.55;0;36.85;0.076;0.822;2.77;5.704;9.518;7.042;6.812;3.598;1.101;0.136;0.003;0;14.61;3.58;0.91;0;0
1832;9;5;4;2011;2020;92;2.598;1.18;4.01;0.46;-0.03;0.13;14.71;0.803;3.106;4.968;4.134;6.849;4.668;3.345;2.141;1.367;0.686;0.389;0.409;11.76;3.73;1.41;0.62;0.3
1833;10;8;2;2011;2020;118;2.935;1.32;3.68;0.26;-1.09;0.14;11.31;0.942;3.919;4.473;6.025;6.47;4.677;3.425;2.15;1.315;0.684;0.414;0.363;9.42;4.26;1.75;0.68;0.23
1834;10;10;0;2011;2020;120;2.962;1.53;3.77;0.26;-0.9;0.16;10.82;0.657;2.774;3.747;5.227;6.012;4.965;4.526;3.656;2.302;1.035;0.442;0.413;8.35;4.29;2.7;0.67;0.24
1835;4;3;1;2017;2020;46;6.45;5.54;7.05;0.1;-0.6;0.48;27.23;7.29;7.335;11.015;7.37;11.678;6.517;5.138;3.565;1.993;5.23;5.493;5.46;18.21;7.6;6.32;3.81;1.02
1836;10;9;1;2011;2020;117;1.12;0.31;1.76;0.42;-0.34;0.05;5.77;0.37;0.972;1.671;2.2;2.536;1.778;1.485;0.933;0.53;0.287;0.212;0.23;3.95;1.76;0.54;0.25;0.06
1837;9;7;2;2011;2020;99;6.57;1.64;15.09;0.72;0.54;1.14;66.34;2.484;6.617;12.148;9.342;15.141;7.181;10.838;5.618;4.054;2.789;1.79;1.849;34.62;5.65;2.45;1.75;1.36
1903;2;1;1;1958;1960;22;1.31;1.31;1.31;0;;0.13;2.78;0.98;2.78;1.45;2.345;1.515;0.845;1.425;1.34;0.865;0.255;0.275;0.31;2.78;1.75;1;0.42;0.22
1904;5;4;1;1958;1962;58;18.395;13.62;24.57;0.22;0.5;0.6;80.81;9.255;26.445;35.888;35.322;25.962;29.492;24.974;11.906;6.526;2.12;1.18;1.64;49.61;28.32;13.45;2.75;1.12
1906;1;0;1;1958;1958;8;;;;;;;;;;;;82.67;98.94;194.87;106.63;52.09;41.07;29.87;41.77;;;;;
1907;1;1;0;1962;1962;12;5.16;5.16;5.16;0;;1.46;14.93;1.46;2.72;2.58;9.24;8.59;14.93;9.27;4.82;3.12;1.94;1.63;1.84;;;;;
1908;4;3;1;1958;1961;42;1.207;0.97;1.39;0.15;-0.43;0.03;5.41;0.287;2.56;2.87;2.67;1.803;1.327;1.853;0.67;0.303;0.108;0.053;0.07;4.81;1.78;0.51;0.12;0.04
1909;3;3;0;1969;1977;36;85.037;44.7;112.11;0.34;-0.59;6.37;639.36;45.26;54.923;72.903;210.643;339.59;131.05;50.01;45.973;27.583;21.763;20.07;19.273;639.36;87.91;37.59;21.35;9.48
1910;1;0;1;1958;1958;;;;;;;;;;;;;;;;;;;;;;;;;
1911;1;0;1;1958;1958;;;;;;;;;;;;;;;;;;;;;;;;;
1928;8;0;8;1915;1923;27;;;;;;;;11.607;37.05;37.79;;61.7;;;43.835;17.895;14.554;10.047;11.975;61.7;38.93;15.4;11.95;9.59
1931;57;27;30;1913;1969;476;273.05;98.13;563.01;0.42;0.74;15.92;2027.7;91.367;217.467;403.456;496.193;491.37;451.071;334.121;216.877;136.927;78.304;50.666;59.634;810.67;256.72;133.05;63.27;31.98
1942;39;36;3;1950;1992;465;5.761;2.47;10.91;0.38;0.6;0.09;35.06;2.374;5.401;8.44;9.994;11.909;9.816;8.722;6.584;3.805;1.761;0.758;0.902;17.17;8.65;3.97;1.46;0.39
