ref_evap;anomes;hora1;hora2;hora3;evapiche;evatanque;temedmax;temedmin;temedsec1;temedhum1;temedsec2;temedhum2;temedsec3;temedhum3;velviento;prectotmes;diasprec;insol
1002;199812;8;;;;;9.5;-1.4;;;;;;;;43;8;
1002;200006;8;;;;5.9;28;11.7;;;;;;;;2.5;2;
1002;200005;8;;;;3.6;20.2;9.2;;;;;;;;61.3;13;
1002;200004;8;;;;1.5;10.9;4;;;;;;;;136;22;
1002;200003;8;;;;2.6;16.8;2.5;;;;;;;;5.8;4;
1002;200002;8;;;;0.9;13.7;3;;;;;;;;13.4;6;
1002;200001;8;;;;;8.5;-3.1;;;;;;;;14;2;
1002;199912;8;;;;0.3;11.3;0.5;;;;;;;;87.9;15;
1002;199911;8;;;;0.8;13.2;1.4;;;;;;;;13.9;6;
1002;199910;8;;;;1.8;16;8;;;;;;;;159;20;
1002;199909;8;;;;3.3;23.8;11;;;;;;;;185;12;
1002;199908;8;;;;5.4;28.7;13;;;;;;;;44.2;5;
1002;199907;8;;;;6.8;32;14.1;;;;;;;;3.1;2;
1002;199711;8;;;;0.5;13.5;5.3;;;;;;;;200;23;
1002;199905;8;;;;3.3;20.5;8.4;;;;;;;;77.5;15;
1002;200009;8;;;;4;26.9;10.2;;;;;;;;34.4;6;
1002;199811;8;;;;0.6;17.3;3;;;;;;;;24.7;9;
1002;199810;8;;;;1.3;19.8;6.6;;;;;;;;37.4;10;
1002;199809;8;;;;3.4;24.5;11.6;;;;;;;;67.6;10;
1002;199808;8;;;;5.6;33.4;14.8;;;;;;;;7.6;4;
1002;199807;8;;;;6.2;28.5;12.6;;;;;;;;5.2;3;
1002;199806;8;;;;5.3;25.2;10.4;;;;;;;;12;2;
1002;199805;8;;;;3.5;19.6;8.1;;;;;;;;62.6;9;
1002;199804;8;;;;1.6;11.2;4.3;;;;;;;;182;24;
1002;199803;8;;;;2.7;19;5;;;;;;;;29.7;6;
1002;199802;8;;;;1.3;16.9;2.4;;;;;;;;23.5;4;
1002;199801;8;;;;0.6;11.2;3.3;;;;;;;;31.4;9;
1002;200302;8;;;;0.6;9.7;0.8;;;;;;;;29.7;12;
1002;199906;8;;;;5.4;26.3;11.1;;;;;;;;11.3;3;
1002;200111;8;;;;0.9;16.1;0.6;;;;;;;;5.8;4;
1002;199212;8;;;;0.2;8;-0.2;3.6;2.7;;;;;1.6;131.7;17;
1002;200212;8;;;;0.4;11;4;;;;;;;;120;20;
1002;200211;8;;;;0.6;12.2;3.7;;;;;;;;164;19;
1002;200210;8;;;;1.6;19.7;7.9;;;;;;;;92;16;
1002;200209;8;;;;3.3;25.3;10.3;;;;;;;;76.6;8;
1002;200208;8;;;;5.3;29.2;11.1;;;;;;;;14.8;4;
1002;200207;8;;;;6;29.9;11.9;;;;;;;;8.2;3;
1002;200206;8;;;;4.6;26.3;11.5;;;;;;;;52.5;9;
1002;200205;8;;;;2.9;18.3;6.2;;;;;;;;56.6;16;
1002;200204;8;;;;3.3;19.2;4.1;;;;;;;;11.7;5;
1002;200203;8;;;;2.1;16.5;3.9;;;;;;;;31.8;8;
1002;200202;8;;;;1.1;13.9;0.9;;;;;;;;41.4;7;
1002;200007;8;;;;5.5;27.5;12.2;;;;;;;;23.1;6;
1002;200112;8;;;;0.2;9.1;-3.8;;;;;;;;19.9;4;
1002;200008;8;;;;5.6;29;12.3;;;;;;;;3.1;1;
1002;200110;8;;;;2;19.5;9.8;;;;;;;;71.4;11;
1002;200109;8;;;;3.8;26.8;10.1;;;;;;;;37.9;5;
1002;200108;8;;;;5.6;29.2;13.5;;;;;;;;13.4;4;
1002;200107;8;;;;5.6;28;11.7;;;;;;;;21.3;4;
1002;200106;8;;;;5.9;29.4;11.9;;;;;;;;1.3;1;
1002;200105;8;;;;3.3;22;7.8;;;;;;;;53.6;8;
1002;200103;8;;;;1.6;15;5.2;;;;;;;;243;29;
1002;200102;8;;;;1.1;13.9;0.7;;;;;;;;101;5;
1002;200101;8;;;;0.8;11.6;3.3;;;;;;;;218;21;
1002;200012;8;;;;1.8;12;5.5;;;;;;;;160;24;
1002;200011;8;;;;0.8;10.7;4;;;;;;;;159;18;
1002;200010;8;;;;2.2;17.1;6.9;;;;;;;;53.9;9;
1002;199710;8;;;;2;22.5;9.6;;;;;;;;50.9;11;
1002;200201;8;;;;0.4;11.6;1.3;;;;;;;;61.9;12;
1002;199401;8;;;;0.4;7.9;-1.4;2.6;1.9;;;;;2.5;143.3;17;
1002;199503;8;;;;2.8;15.2;0.8;5.5;3.8;;;;;2.4;26.3;6;
1002;199502;8;;;;0.7;11.9;1.2;4.2;3.5;;;;;1.9;53.4;9;
1002;199501;8;;;;0.4;9.6;-0.8;3.6;3.1;;;;;2.3;113.3;15;
1002;199412;8;;;;0.3;10.4;1.1;4.9;5.2;;;;;1.6;89;14;
1002;199411;8;;;;0.6;14.3;3.5;5.8;6.8;;;;;0.8;64;10;
1002;199410;8;;;;1.6;19.3;7.2;9.7;10.7;;;;;1;58.5;12;
1002;199409;8;;;;3;21.4;7.4;11.2;11;;;;;1.6;41.7;12;
1002;199408;8;;;;6.7;29.5;12;16;15;;;;;1.4;22.8;2;
1002;199407;8;;;;6.4;31.5;12.5;17;16.5;;;;;1.4;12.6;2;
1002;199406;8;;;;6.1;27;10.2;16.5;15.5;;;;;1.7;7.5;3;
1002;199405;8;;;;3.3;18.1;5.3;9.1;8.4;;;;;1.6;87.5;15;
1002;199404;8;;;;2.9;14.1;1.9;6.4;5.6;;;;;2.9;8.6;5;
1002;199712;8;;;;0.2;11.7;2.3;;;;;;;;114;19;
1002;199402;8;;;;0.7;9.4;-2.2;1.9;1.4;;;;;1;56.9;17;
1002;199506;8;;;;6.1;28;10.1;13.7;11;;;;;1.2;39.7;6;
1002;199312;8;;;;0.3;7.7;1.7;5.7;4.8;;;;;2.7;36;18;
1002;199311;8;;;;0.7;11;0.1;4;3.2;;;;;0.9;68.5;11;
1002;199310;8;;;;0.9;12.7;3.5;8.6;7.7;;;;;1.9;172.6;16;
1002;199309;8;;;;2.5;19.3;7.5;11.2;10.4;;;;;1.5;60.9;12;
1002;199308;8;;;;5.5;27.1;11.6;17.5;16.6;;;;;1;29.1;3;
1002;199307;8;;;;5.9;28.1;10.1;14.2;13.8;;;;;1.1;19.2;3;
1002;199306;8;;;;4.4;24.7;10.6;14.9;13.9;;;;;1;62;13;
1002;199305;8;;;;2.4;16.5;5.7;10.1;8.8;;;;;1.2;121.3;20;
1002;199304;8;;;;2.2;13.4;1.8;5.5;4.6;;;;;2.2;60;17;
1002;199303;8;;;;2;14.1;3.2;4.7;3.9;;;;;1.2;19.7;7;
1002;199302;8;;;;1.2;13.1;-1.6;2;1.3;;;;;0.6;14.7;4;
1003;197803;7;;;;1.4;12.7;2;5.7;5.2;;;;;0.9;119.6;23;
1002;199403;8;;;;2.6;18.2;3;6.2;5.6;;;;;1.2;8.4;4;
1002;199607;;;;;;;;;;;;;;1.5;19.4;4;
1002;199709;8;;;;3.6;29.6;11.8;;;;;;;;14.4;6;
1002;199708;8;;;;5;30.3;13.5;;;;;;;;31.7;6;
1002;199707;8;;;;5.4;27.7;12.3;;;;;;;0.8;69.8;9;
1002;199706;8;;;;3.3;20;9.5;;;;;;;1.5;36.5;12;
1002;199705;8;;;;3;19;8.2;;;;;;;1.6;86.1;21;
1002;199704;8;;;;3.6;21.3;6.8;;;;;;;1;19.8;9;
1002;199703;8;;;;3.1;21.8;4.8;;;;;;;0.7;0;0;
1002;199702;8;;;;0.9;14.1;3.4;;;;;;;1.5;12.5;6;
1002;199701;8;;;;0.5;7.3;-4.3;;;;;;;1.2;82.8;15;
1002;199612;8;;;;0.4;12;2.2;;;;;;;1.1;61.8;17;
1002;199611;8;;;;0.7;;;;;;;;;2.1;149;11;
1002;199610;8;;;;1.6;;;;;;;;;0.7;23.5;9;
1002;199504;8;;;;4.4;20.6;3.2;6.4;4.2;;;;;1;9.5;4;
1002;199608;;;;;;;;;;;;;;1.1;53.7;6;
1002;199505;8;;;;4.1;21.4;7.7;11.4;9.7;;;;;1.4;57.4;12;
1002;199606;;;;;5.8;;;;;;;;;1.2;3;3;
1002;199605;;;;;3.3;;;;;;;;;0.8;81.4;14;
1002;199604;;;;;3;;;;;;;;;1;42.9;7;
1002;199603;;;;;1.5;;;;;;;;;1.4;44;13;
1002;199602;;;;;0.6;;;;;;;;;2.3;39.8;12;
1002;199601;;;;;0.4;;;;;;;;;1.9;154.4;23;
1002;199512;;;;;0.4;;;;;;;;;1.9;256.1;15;
1002;199511;;;;;0.7;;;;;;;;;1;144.8;18;
1002;199510;;;;;2.2;;;;;;;;;0.7;67.7;10;
1002;199509;8;;;;3;21.6;9;12.7;10.7;;;;;2;59.3;10;
1002;199508;8;;;;5.8;29.8;12.9;17.2;14.2;;;;;1.1;3;2;
1002;199507;8;;;;5.4;28;13.2;16.3;13.9;;;;;1.2;46.6;8;
1002;200303;8;;;;1.9;15.7;5.5;;;;;;;;53;11;
1002;199609;;;;;2.6;;;;;;;;;1.4;64.1;9;
1003;197406;7;;;;3.8;23;8.6;12;11.1;;;;;21.6;129.1;10;
1003;197508;7;;;;4.3;27.7;10.5;14;13.3;;;;;29.5;15.3;6;
1003;197507;7;;;;4.7;26.2;10.8;14.1;13.4;;;;;14.3;10.9;7;
1003;197506;7;;;;4;23;9.3;12.6;11.9;;;;;15.1;63.4;10;
1003;197505;7;;;;3.9;17.3;5;8.5;7.7;;;;;17.7;60.5;17;
1003;197504;7;;;;2;14.8;1.8;6.2;5.5;;;;;21.3;39;22;
1003;197503;7;;;;0.9;9.6;0.6;4.5;4;;;;;43.9;164.8;19;
1003;197502;7;;;;0.6;12;1.4;5;4.3;;;;;42.1;68.9;14;
1003;197501;7;;;;0.4;9.8;-0.1;3.9;4;;;;;43.5;132.7;16;
1003;197412;7;;;;0.1;7.7;-1;2.1;2;;;;;24.2;23.2;9;
1003;197411;7;;;;0.7;12.3;2;5.8;5.1;;;;;26.4;232;19;
1003;197410;7;;;;1.2;13.6;2.1;5.9;5.4;;;;;12.5;28.2;13;
1003;197409;7;;;;2.3;20.3;7.1;10.3;9.7;;;;;13.6;58.1;12;
1003;197305;7;;;2;2.4;17.7;6.4;11.1;10;;;;;0.8;199.4;16;
1003;197407;7;;;;5.1;27.1;9.7;13.1;12.3;;;;;15.4;6.1;4;4
1003;197511;7;;;;0.8;12;2;5.7;5.4;;;;;27.4;138;19;
1003;197405;7;;;;3.9;18.6;5;9;8.3;;;;;0.7;122;15;
1003;197404;7;;;;2.3;15.4;1.2;5.5;4.7;;;;;0.5;50.8;13;
1003;197403;7;;;;1.3;12.3;1;4.7;4.1;;;;;1.2;76.5;18;
1003;197402;7;;;;0.6;8.9;0.1;2.9;3.1;;;;;2.1;216.6;19;
1003;197401;7;;;;0.3;9.8;2.1;6;5.5;;;;;4.8;254.3;25;
1003;197312;7;;;1.1;0.1;7.5;-1.4;1.9;2.1;;;;;0.8;93.7;18;
1003;197311;7;;;1.5;0.6;14.7;0.2;3.7;3.3;;;;;0.8;8.8;5;
1003;197310;7;;;1.3;1.5;17.5;4.6;7.4;7;;;;;0.6;176.5;15;
1003;197309;7;;;2.5;2.7;23.8;9.5;12.8;12.2;;;;;0.6;52.5;13;
1003;197308;7;;;2.7;4.5;28.5;12.8;15.3;14.7;;;;;0;38;6;
1003;197307;7;;;2.3;3.8;23.7;11;14.8;13.4;;;;;0.5;35.4;11;
1002;200301;8;;;;;9.5;2.9;;;;;;;;153;16;
1003;197408;7;;;;4.1;24.3;9.3;12.7;12;;;;;15.8;6.3;5;
1003;197612;7;;;;0.4;9.5;1.3;5.2;4.6;;;;;1.3;200;20;
1002;197210;7;;;2.5;1.6;14.9;5.4;8;6.7;;;;;2.3;95.2;16;
1003;197801;7;;;;0.5;7.1;-0.7;2.7;2.4;;;;;0.8;204;20;
1003;197712;7;;;;0.8;11.9;2.6;6.8;6;;;;;2.1;231;19;
1003;197711;7;;;;0.4;11.4;2.4;6.2;5.6;;;;;0.2;66.4;17;
1003;197710;7;;;;1.5;18.7;6.9;11.1;10.5;;;;;0.7;126.9;11;
1003;197709;7;;;;2.7;25.5;10.7;13;12.5;;;;;0.2;29.6;8;
1003;197708;7;;;;3.3;22.6;10;12.7;12.2;;;;;0.3;83.4;12;
1003;197707;7;;;;3.8;21.8;10.4;12.9;12;;;;;0.3;102.1;12;
1003;197706;7;;;;3.2;19.4;7.1;10.2;9.7;;;;;0.6;94.8;17;
1003;197705;7;;;;2.2;15;4.9;8.4;7.9;;;;;0.5;108.7;23;
1003;197704;7;;;;2.3;16.4;3.1;6.5;5.9;;;;;0.9;51.2;11;
1003;197703;7;;;;0.9;13.7;3.1;7.1;6;;;;;1.7;119.4;23;
1003;197509;7;;;;2.5;21.6;8.8;11.8;11;;;;;29.1;108.6;14;
1003;197701;7;;;;0.4;7.5;-0.6;3.1;3.3;;;;;11.9;184.9;20;
1003;197510;7;;;;1.4;19.2;7.4;10.4;10.1;;;;;33;115;15;
1003;197611;7;;;;0.4;9.8;0.8;4.5;4.9;;;;;11.3;131.3;17;
1003;197610;7;;;;1.6;14.9;6.8;11.8;9.4;;;;;29.5;228.1;23;
1003;197609;7;;;;0.9;21.1;7.3;10.5;16.7;;;;;17.9;115.9;12;
1003;197608;7;;;;3.9;27.4;10.8;13.6;13.1;;;;;0.5;140.7;11;
1003;197607;7;;;;4.3;26.5;11.6;15;14;;;;;13.7;58.3;11;
1003;197606;7;;;;4.8;28.9;10.6;14.3;13.5;;;;;14.9;35.8;6;
1003;197605;7;;;;4.1;21.9;5;9.5;8.9;;;;;29.3;2.2;6;
1003;197604;7;;;;2.5;15.5;1.3;5.5;4.7;;;;;45.3;68.8;18;
1003;197603;7;;;;1.7;13.5;-0.4;3.9;3.2;;;;;31.2;80;13;
1003;197602;7;;;;0.9;10.6;0.8;3.7;3.5;;;;;30.2;96.1;15;
1003;197601;7;;;;0.2;8.5;-5;-0.6;0.4;;;;;20.7;84.9;7;
1003;197512;7;;;;0.2;7.7;-3.6;0.4;0.9;;;;;23.6;25.8;11;
1003;197304;7;;;2.6;2.4;15.3;1.3;7.4;5.9;;;;;0.1;53.2;12;
1003;197702;7;;;;0.8;9;3.1;6.7;6;;;;;2.1;280.5;27;
1002;200404;8;;;;3;17.6;3.3;;;;;;;;13.4;7;
1002;200506;8;;;;5.9;29.8;13;;;;;;;;4.9;2;
1002;200505;8;;;;3.9;21.6;8.1;;;;;;;;54.6;8;
1002;200504;8;;;;1.9;16.4;5.5;;;;;;;;46.6;13;
1002;200503;8;;;;2.3;14.9;1.8;;;;;;;;18.5;9;
1002;200502;8;;;;;10.9;-1.9;;;;;;;;11.6;4;
1002;200501;8;;;;;7.1;-2;;;;;;;;25.3;4;
1002;200412;8;;;;0.3;8;-0.5;;;;;;;;55.1;8;
1002;200411;8;;;;0.5;13.3;1.6;;;;;;;;12.9;3;
1002;200410;8;;;;1.1;16.9;7.9;;;;;;;;102;21;
1002;200409;8;;;;2.9;26.1;11;;;;;;;;43.3;4;
1002;200408;8;;;;3.9;26.2;12.2;;;;;;;;88.2;12;
1002;200407;8;;;;5.4;29.7;12.4;;;;;;;;8;1;
1003;197306;7;;;2.8;4.2;23.8;9.1;13.3;12.1;;;;;0.5;35.7;7;
1002;200405;8;;;;3.8;20.5;7.3;;;;;;;;48.8;12;
1002;200509;8;;;;3.8;25.8;9.5;;;;;;;;13.9;3;
1002;200403;8;;;;1.5;13.8;2;;;;;;;;47;8;
1002;200402;8;;;;0.9;13;0.6;;;;;;;;14.2;5;
1002;200401;8;;;;0.3;9.6;2.1;;;;;;;;51.1;14;
1002;200312;8;;;;0.3;8.1;1.5;;;;;;;;57.7;14;
1002;200311;8;;;;0.5;12.7;4;;;;;;;;86.3;14;
1002;200310;8;;;;1.3;16.9;6.5;;;;;;;;112;14;
1002;200309;8;;;;3.6;27.1;11.7;;;;;;;;20.9;6;
1002;200308;8;;;;5.6;31.4;17.2;;;;;;;;11.7;5;
1002;200307;8;;;;5.4;29.5;16;;;;;;;;29.1;5;
1002;200306;8;;;;2.7;28.6;13.2;;;;;;;;70.2;10;
1002;200305;8;;;;4.1;21.4;7.9;;;;;;;;2.1;2;
1002;200304;8;;;;2.5;16.8;5.8;;;;;;;;84.3;13;
1002;200406;8;;;;6.1;30;13.4;;;;;;;;35.5;5;
1002;200610;8;;;;1.3;17.8;9.7;;;;;;;;152;18;
1003;197303;7;;;2.3;1.9;15;-1;3.3;3.3;;;;;0.6;51.3;7;
1003;197302;7;;;0.4;0.2;8.7;-1.8;2.4;2.5;;;;;0.7;97;18;
1003;197301;7;;;0.7;0.1;8.3;-2.2;2.2;2.5;;;;;1.3;106.4;16;
1003;197212;7;;;1.8;0.2;9;0.8;4.7;4.1;;;;;4.1;138;20;
1003;197211;7;;;1;0.6;12.9;3.5;6.9;6.7;;;;;0.1;130;18;
1003;197210;7;;;1.6;1.4;17;5;8.7;8;;;;;0.3;140.2;17;
1002;200706;8;;;;3.7;22.5;10.4;;;;;;;;62.7;11;
1002;200705;8;;;;3.5;19.8;8.3;;;;;;;;47.5;10;
1002;200704;8;;;;2.4;18.5;6.2;;;;;;;;40.5;9;
1002;200703;8;;;;1.5;14.1;3.3;;;;;;;;20.4;7;
1002;200702;8;;;;2;12.6;2.7;;;;;;;;97.7;19;
1002;200701;8;;;;0.7;10.7;0.8;;;;;;;;33.2;5;
1002;200507;8;;;;6.5;30.6;13.5;;;;;;;;2.8;1;
1002;200611;8;;;;0.5;14.2;6.4;;;;;;;;111;15;
1002;200508;8;;;;5.6;31.3;13;;;;;;;;7.7;2;
1002;200609;8;;;;3.2;26.5;11.9;;;;;;;;59.1;8;
1002;200608;8;;;;5.5;29;12.2;;;;;;;;23.7;3;
1002;200607;8;;;;5.9;31.4;14.7;;;;;;;;41.2;6;
1002;200606;8;;;;5.6;27.9;11.8;;;;;;;;24.7;3;
1002;200605;8;;;;4.4;22.6;8.7;;;;;;;;41.3;6;
1002;200604;8;;;;3;18.5;6.5;;;;;;;;39.7;9;
1002;200603;8;;;;1.4;14.2;4.5;;;;;;;;79.7;17;
1002;200602;8;;;;0.1;10.8;-1.4;;;;;;;;63.6;8;
1002;200601;8;;;;0.1;8.2;-1.1;;;;;;;;21.8;8;
1002;200512;8;;;;0.1;8;-0.2;;;;;;;;77.9;9;
1002;200511;8;;;;0.7;11.3;3.2;;;;;;;;38.7;11;
1002;200510;8;;;;1.9;20;7.9;;;;;;;;89.5;15;
1002;199211;8;;;;0.7;13.5;4.1;8;7;;;;;1.8;19.7;9;
1002;200612;8;;;;;8.4;0.3;;;;;;;;70.7;13;
1002;197810;7;;;;2.5;20;4.6;7.9;7.1;;;;;1.6;41.8;5;
1002;197912;7;;;;0.4;7.9;0.7;4.8;4;;;;;2.8;68.7;12;
1002;197911;7;;;;1.1;11.5;-0.4;3.9;3.1;;;;;1.7;57.8;8;
1002;197910;7;;;;1.5;15.1;5.5;9.1;8.2;;;;;2;105.2;19;
1002;197909;7;;;;4.5;27.2;9.3;12.8;12;;;;;1.6;3.5;1;
1002;197908;7;;;;6.7;28.7;9.8;13.7;12.8;;;;;2.5;;;
1002;197907;7;;;;7;30.9;12.7;18.6;18;;;;;1.8;30.9;5;
1002;197906;7;;;;5.9;25.9;8.9;12.3;11.9;;;;;1.4;21.1;2;
1002;197905;7;;;;4.1;18.4;4.4;8;7.2;;;;;2.5;46.4;11;
1002;197904;7;;;;2.7;12.3;0.9;4.4;3.5;;;;;4.4;47.6;10;
1002;197903;7;;;;1.1;8;-0.2;2.9;1.9;;;;;3.4;97;21;
1002;197902;7;;;;1.3;7.9;0;4.2;3.4;;;;;3.3;171.6;16;
1002;197901;7;;;;0.7;6.4;-0.4;2.9;2.1;;;;;3.9;148.8;17;
1002;197709;7;;;;4.4;27.3;10;13;12.3;;;;;1;19.7;3;
1002;197811;7;;;;1;12.4;1.7;4.8;4;;;;;1.4;22.4;9;
1002;198003;7;;;;1.8;10.9;0.4;4.2;3.4;;;;;3.5;64.6;11;
1002;197809;7;;;;4.5;28.8;10;13.2;12.4;;;;;1.2;11.2;4;
1002;197808;7;;;;6.1;29.6;9.7;13.6;12.9;;;;;1.6;1.7;1;
1002;197807;7;;;;7.1;28.1;9.8;13.2;12.2;;;;;2.1;0;0;
1002;197806;7;;;;4;20.8;7.4;11.1;10.2;;;;;1.9;67.4;12;
1002;197805;7;;;;3.5;16.6;4.4;7.7;6.8;;;;;2.2;94.7;8;
1002;197804;7;;;;2.2;11.4;0.8;4.5;3.7;;;;;3.4;44.3;15;
1002;197803;7;;;;2.2;12.2;1;4.7;3.8;;;;;4.2;60.3;11;
1002;197802;7;;;;0.8;8.5;-0.3;4.1;3.2;;;;;3.3;197.3;16;
1002;197801;7;;;;0.7;5.5;-2.2;2;1.2;;;;;4;114.1;16;
1002;197712;7;;;;0.5;9.3;1.7;5.4;4.6;;;;;3.4;137.6;17;
1002;197711;7;;;;0.9;9.6;1.4;4.4;3.6;;;;;2.5;14.9;10;
1002;198207;7;;;;6.6;28.9;11.3;15.9;15;;;;;3.3;19.8;2;
1002;197812;7;;;;0.7;7.7;1.6;5.5;4.5;;;;;4.4;234.4;22;
1002;198104;7;;;;2.5;13.9;1.4;5.3;4.4;;;;;5.3;45.8;16;
1002;199301;8;;;;0.2;8.6;-2.2;1.9;1.2;;;;;0.5;3.9;5;
1002;198205;7;;;;4.5;20.3;4.8;9.1;8.1;;;;;1.8;22.2;10;
1002;198204;7;;;;3.7;18.6;2;5.5;4.6;;;;;1.9;19.3;8;
1002;198203;7;;;;2.5;13.3;-0.8;3.3;2.4;;;;;2.8;5.6;5;
1002;198202;7;;;;1.4;10;-1.2;3.4;2.5;;;;;2.4;32.8;7;
1002;198201;7;;;;0.4;7.7;1.3;3.9;3.1;;;;;1.5;45;14;
1002;198112;7;;;;0.5;6.9;0.6;4.8;4;;;;;4.2;238.7;24;
1002;198111;7;;;;0.8;14.8;1.4;4.4;3.5;;;;;0.3;3.5;3;
1002;198110;7;;;;1.3;15.6;6;9.6;8.6;;;;;1.8;93.1;14;
1002;198109;7;;;;4.3;24.9;9;12.7;11.7;;;;;1.6;83.8;10;
1002;198108;7;;;;6.1;30.7;11.5;15;13.9;;;;;1.6;0.6;1;
1002;198107;7;;;;7;29.8;10.2;14;13;;;;;1.8;3.4;2;
1002;198001;7;;;;0.3;6.5;-1.2;2.7;1.9;;;;;2.5;88.4;17;
1002;198105;7;;;;2.8;15.8;3.9;7.7;6.8;;;;;2.7;59;16;
1002;198002;7;;;;1.4;10;0;3.8;3.1;;;;;2.2;61.9;11;
1002;198103;7;;;;1.8;12.9;2.6;6.4;5.5;;;;;2.8;58.1;15;
1002;198102;7;;;;2.6;9.6;-3.7;1.5;0.6;;;;;2.7;34.5;5;
1002;198101;7;;;;2.4;6.9;-3.6;0.8;0;;;;;1.7;15.2;5;
1002;198012;7;;;;1.8;6.2;-4.2;0.9;0.3;;;;;2.2;51.1;7;
1002;198011;7;;;;0.9;10.8;0.1;4.5;3.6;;;;;1.6;71.1;11;
1002;198010;7;;;;1.8;17.4;5.8;9.3;8.4;;;;;2.5;50;11;
1002;198009;7;;;;4.4;26.6;9.1;12.7;11.7;;;;;1;26.1;2;
1002;198008;7;;;;6.4;29.9;12;16.1;15.1;;;;;2;13.9;3;
1002;198007;7;;;;5.9;24.4;8.1;12.9;11.9;;;;;6.8;1.4;1;
1002;198006;7;;;;4.9;21.5;7.8;11.7;10.7;;;;;2.5;41.6;8;
1002;198005;7;;;;2.9;16.3;4;7.7;6.8;;;;;1.8;75;11;
1002;198004;7;;;;3.8;16.3;1.7;5.2;4.3;;;;;2.7;27.2;5;
1002;197708;7;;;;4.4;23.4;9.2;11.2;12.5;;;;;2.2;34.7;8;
1002;198106;7;;;;6.1;26.8;9.3;12.9;12;;;;;1.3;8.4;2;
1002;197311;7;;;2.1;1.4;12.1;0.3;2.4;1.3;;;;;1.4;14.4;4;
1002;197501;7;;;;0.8;7.7;-1.1;2.4;2.3;;;;;2.8;49.9;15;
1002;197412;7;;;0.7;0.7;4;-3.5;0.5;0.2;;;;;9.2;19.9;5;
1002;197411;7;;;2;1.1;10.7;1;3.9;3.1;;;;;2.7;91.7;12;
1002;197410;7;;;2.7;1.9;13.1;1.3;3.7;4.8;;;;;2.7;10.7;4;
1002;197409;7;;;4.7;4.1;21.2;6.8;9.2;7.6;;;;;3.1;15.5;6;
1002;197408;7;;;6.5;6.2;27.1;10;13.6;11.5;;;;;2.6;2.3;1;
1002;197407;7;;;6.7;6.7;28.1;10.8;14.6;12.4;;;;;1.8;1.4;3;
1002;197406;7;;;;5.9;23.6;9.2;13.4;11;;;;;3;84.8;8;
1002;197405;7;;;3;4.2;18.5;5.2;8.6;7;;;;;3.4;48;12;12
1002;197404;7;;;3.6;3.2;14.5;1.5;3.8;2.3;;;;;3.2;17.3;9;
1002;197403;7;;;2.6;2.1;11;0.9;3.6;2;;;;;4.6;33.7;12;
1002;197402;7;;;2.4;1.6;8.1;-1.2;1.3;-0.3;;;;;5.4;80;14;
1002;197710;7;;;;1.9;18;6.1;9.4;8.5;;;;;1.7;66.2;9;
1002;197312;7;;;0.9;1;5.1;-3.1;-1.2;0.9;;;;;1.8;45.7;11;
1002;197504;7;;;;3.8;14.9;2.3;4.9;4.2;;;;;4.1;17;9;
1002;197310;7;;;2.5;2;16.6;4.2;5.9;4.7;;;;;1.8;110.9;12;
1002;197309;7;;;4.8;4.4;23.2;9.3;10.4;8.8;;;;;2.4;16.7;7;
1002;197308;7;;;6;6.5;30;13.5;15;13.5;;;;;2.3;36.1;4;
1002;197307;7;;;5.6;6.3;25.4;10.7;13.3;11.6;;;;;3.8;24.8;8;
1002;197306;7;;;4.9;5.7;24.2;9.6;11.6;9.6;;;;;2.5;29.2;9;
1002;197305;7;;;3.5;3.8;17.7;5.8;8.4;6.6;;;;;2.7;79;14;
1002;197304;7;;;4.6;4.3;15.9;1.2;3.8;2.6;;;;;4.3;17.6;6;
1002;197303;7;;;4.2;3.4;12.7;-0.8;1;0.6;;;;;4.1;26.9;3;
1002;197302;7;;;1.5;2.4;6.7;-3.3;0.5;-0.4;;;;;4.4;61;6;
1002;197301;7;;;1.1;0.9;5.4;-3.2;0.1;0.1;;;;;2.2;56.8;11;
1002;197212;7;;;1.5;0.7;5.4;-1;2.5;1.5;;;;;3.2;82.4;13;
1002;197211;7;;;2;1.2;11;3.2;6.2;4.8;;;;;2.1;80.3;12;
1002;197401;7;;;1.4;0.7;7.6;1.4;4.3;3;;;;;3.1;154.5;19;
1002;197605;7;;;;5.4;22.5;5.8;8.5;6.8;;;;;2.3;8.2;3;
1002;197707;7;;;;5;23.4;8.7;11.4;11.3;;;;;2.2;26.3;6;
1002;197706;7;;;;4.2;19.6;6.5;9;9.4;;;;;1.9;55.8;9;
1002;197705;7;;;;3.2;15.6;4.1;6.6;7;;;;;2.2;87.6;15;
1002;197704;7;;;;3.5;16.7;2.2;5.2;5.5;;;;;2.7;15.5;6;
1002;197703;7;;;;1.8;12.6;1.1;4.2;4.4;;;;;3.4;40.7;15;
1002;197702;7;;;;0.6;7.6;1.2;3.7;4.3;;;;;3.4;111.5;22;
1002;197701;7;;;;0.5;6.2;-2.2;0.8;1.1;;;;;2.6;107.1;19;
1002;197612;7;;;;0.8;6.3;-0.3;1.8;2.6;;;;;3.6;113.8;20;
1002;197611;7;;;;0.6;7.9;-0.2;2.1;2.8;;;;;1.9;85.3;17;
1002;197610;7;;;;1.2;13;5;7.3;8.3;;;;;3;93.7;21;
1002;197609;7;;;;2.8;20.6;7.6;9.8;10.9;;;;;1.8;29.1;10;
1002;197608;7;;;;5.5;27;11.7;13.8;15.2;;;;;2.3;51.8;7;
1002;197502;7;;;;1.4;9.1;0.9;3.4;2.5;;;;;3.9;38.3;12;
1002;197606;7;;;;7.1;28.2;12.1;14.6;12.8;;;;;2.9;15.8;7;
1002;197503;7;;;;1.7;8.3;-0.8;2.6;1.9;;;;;4.1;49.9;11;
1002;197604;7;;;;3.2;14.7;1.2;4;2.8;;;;;1.6;45.7;10;
1002;197603;7;;;;2.8;13;-0.2;2.1;1.9;;;;;3.1;39.8;11;
1002;197602;7;;;;1.8;8.8;-1.6;1.3;1.7;;;;;3.2;44.4;11;
1002;197601;7;;;;0.4;6.7;5.2;2.8;1.7;;;;;1;25.1;3;
1002;197512;7;;;;0.9;5.4;-4;0.8;0.9;;;;;1.9;25.9;7;
1002;197511;7;;;;0.8;8.8;0.5;3.7;2.7;;;;;2.7;63.6;14;
1002;197510;7;;;;1.8;17.5;7.1;6.1;8;;;;;2.4;59.2;13;
1002;197509;7;;;;3.2;20.8;8.7;11.3;9.6;;;;;2.2;118.5;14;
1002;197508;7;;;;6.4;28.7;11.4;14.3;12.4;;;;;2.5;8.8;4;
1002;197507;7;;;;7;28.9;11.7;14.9;12.7;;;;;2.1;3.7;2;
1002;197506;7;;;;5.6;24.2;9.6;12.5;10.7;;;;;2.4;22;6;
1002;197505;7;;;;4.3;17.1;4.5;6.7;5.3;;;;;3.3;32.9;10;
1002;198208;7;;;;6.2;29.5;10.3;14;13;;;;;1.5;8.8;3;
1002;197607;7;;;;6.2;28;12.8;14.8;13;;;;;2.5;57.2;7;
1002;198902;8;;;;0.8;10.8;-1.8;2.2;1.4;;;;;0.3;106.3;8;
1002;199004;8;;;;2.6;13;1.9;5.8;4.9;;;;;2.3;25.2;8;
1002;199003;8;;;;2.7;15.8;2;5.7;4.7;;;;;1.4;8.4;4;
1002;199002;8;;;;1.2;12;3.1;7.3;6.3;;;;;2.5;38.7;10;
1002;199001;8;;;;0.4;5.4;-1.4;2.5;1.7;;;;;1.2;67.9;11;
1002;198912;8;;;;0.4;9.9;4.4;8.7;7.7;;;;;2.7;160.8;21;
1002;198911;8;;;;0.7;11.4;4.9;8.6;7.6;;;;;2.2;84.4;20;
1002;198910;8;;;;2.5;22.2;7.2;11.2;10.2;;;;;0.9;63;5;
1002;198909;8;;;;4.1;25.5;8.5;11.8;10.8;;;;;0.6;32.5;2;
1002;198908;8;;;;6;30.3;13.1;17;16;;;;;1.2;28.9;4;
1002;198907;8;;;;7;31.9;13.3;17.5;16.5;;;;;0.7;11.6;3;
1002;198906;8;;;;5;25.3;10.4;13.7;12.1;;;;;1.2;49.7;4;
1002;198905;8;;;;4.1;23;8.5;12.1;11.2;;;;;0.9;73.8;14;
1002;198712;7;;;;0.3;7.3;0.9;4.6;3.8;;;;;9.9;79.7;19;
1002;198903;8;;;;2.4;15.3;1.6;5.5;4.7;;;;;1.8;66.7;8;
1002;199007;8;;;;7;30.8;10.7;16.3;15.3;;;;;1.3;1.2;2;
1002;198901;8;;;;;7.3;-4.1;-1.3;-4;;;;;0.2;19.3;4;
1002;198812;8;;;;0.1;6.6;-5;-0.3;-0.5;;;;;0.9;27.5;4;
1002;198811;8;;;;0.8;12.9;2;8;6;;;;;0.6;18.4;6;
1002;198810;8;;;;2.1;18.1;6.2;10.2;9.3;;;;;1.2;64.6;10;
1002;198809;7;;;;4.4;26.2;8.5;12.1;11.1;;;;;7.1;4.9;1;
1002;198808;7;;;;5.9;28.9;11.1;19.7;14.1;;;;;1.1;0.4;1;
1002;198806;7;;;;3.6;21.3;8.9;12.6;11.6;;;;;0.5;63.4;12;
1002;198805;7;;;;2.1;16.4;4;9.8;8.3;;;;;1.2;100.5;24;
1002;198804;7;;;;1.9;12.6;3.4;7.1;6.1;;;;;1.8;78.1;19;
1002;198803;7;;;;2.4;13.6;-0.5;3.7;2.8;;;;;2;10.2;5;
1002;198802;7;;;;0.1;8.9;-0.4;3.5;2.6;;;;;2.8;49.8;13;
1002;198206;7;;;;4.8;22.7;9.6;13.5;12.6;;;;;2.6;18;10;
1002;198904;8;;;;1.9;11.1;1.2;5.2;4.1;;;;;2.9;112.7;16;
1002;199108;8;;;;6.6;32.7;14.1;18;15.5;;;;;1.1;8.4;2;
1002;199210;8;;;;1.4;14.1;4.6;8.3;6.7;;;;;1.6;78.3;14;
1002;199209;8;;;;3.4;24;8.3;12.5;11.5;;;;;0.9;25.4;8;
1002;199208;8;;;;5.5;29.7;12.2;16.4;15.4;;;;;0.7;77.3;7;
1002;199207;8;;;;6.5;31;13.1;16.9;15.6;;;;;1;12;5;
1002;199206;8;;;;3.5;18.9;7.2;12.8;11.8;;;;;1.2;46.4;17;
1002;199205;8;;;;4.8;23.2;8;13.2;12.4;;;;;1.1;60.5;9;
1002;199204;8;;;;3.3;17;2;6;5.1;;;;;1.8;57.6;8;
1002;199203;8;;;;2.3;16.4;0.8;4.3;3.4;;;;;1.6;40;6;
1002;199202;8;;;;1.4;11.6;-2;1;0.5;;;;;0.6;15.6;4;
1002;199201;8;;;;0.2;6.9;-4.9;-1;-1.6;;;;;0.8;27.1;3;
1002;199112;8;;;;0.3;9.2;-0.6;2.8;2;;;;;0.8;4.4;5;
1002;199111;8;;;;0.7;10.6;1.6;5.8;4.9;;;;;2;91.5;15;
1002;199005;8;;;;4.4;21.5;7.7;11;10;;;;;0.9;44;8;
1002;199109;8;;;;3.4;26.2;12;15.2;14.2;;;;;1.2;99.5;13;
1002;199006;8;;;;6.2;24.5;10.2;13.8;12.8;;;;;1.5;20.8;7;
1002;199107;8;;;;6.5;29.9;12.8;16.6;15.1;;;;;1.4;19.9;7;
1002;199106;8;;;;6.2;25;8.2;11.6;11.1;;;;;1.7;11.2;5;
1002;199105;8;;;;5.5;19.1;6.3;9.2;8.3;;;;;1.5;3.9;1;
1002;199104;8;;;;2.9;15.2;1.7;5.2;4.6;;;;;1.2;23.5;10;
1002;199103;8;;;;1.5;11;2.4;6;5;;;;;1.4;100.7;18;
1002;199102;8;;;;0.8;7;-2.8;1.5;0.7;;;;;1.5;55.8;12;
1002;199101;8;;;;0.4;6.9;2.1;2.1;1.4;;;;;1.3;78.1;14;
1002;199012;8;;;;0.4;7.2;3.5;1.5;0.8;;;;;1.2;57.8;11;
1002;199011;8;;;;0.6;9.5;0.5;4.3;3.3;;;;;1.9;54.5;11;
1002;199010;8;;;;1.8;18.2;6.9;11.2;10.2;;;;;2.1;101.8;19;
1002;199009;8;;;;4.5;29.2;10.9;15.9;14.9;;;;;1;28;3;
1002;199008;8;;;;7.1;32.6;13.4;18.2;17.2;;;;;1.1;39.7;4;
1002;198711;7;;;;0.7;10.4;3.2;6.7;5.8;;;;;2.1;42.2;10;
1002;199110;8;;;;1.6;14.9;4;8.9;7.6;;;;;1.4;31.3;12;
1002;198310;7;;;;2.4;20.8;6;9.3;8.3;;;;;1.5;24.1;6;
1002;198501;7;;;;;3.2;-5;0.3;-0.4;;;;;1.9;86;13;
1002;198412;7;;;;0.5;9.9;3.2;4.3;3.4;;;;;1.7;58;14;
1002;198411;7;;;;0.8;9.1;2.8;7.1;6.1;;;;;2.3;185;24;
1002;198410;7;;;;1.6;19.6;4.7;8.4;7.1;;;;;1.4;151.7;11;
1002;198409;7;;;;4;23.8;7.3;15;14;;;;;1.5;21.4;4;
1002;198408;7;;;;5.4;26.6;9.8;13.3;12.3;;;;;1.4;34;4;
1002;198406;7;;;;4.6;22.9;13.1;16.9;12.5;;;;;1.5;87.2;11;
1002;198405;7;;;;2.8;13;2.3;5.4;4.4;;;;;2.5;73.2;12;
1002;198404;7;;;;3.7;19.3;6.2;10;9;;;;;2.7;52.5;11;
1002;198403;7;;;;1.8;9.6;-2.3;2.1;1.3;;;;;3.3;65.4;10;
1002;198402;7;;;;1;8.4;-2.4;1.7;0.9;;;;;2.8;38.5;8;
1002;198401;7;;;;0.4;6.3;-1;3.7;2.8;;;;;3.5;91.7;20;
1002;198801;7;;;;0.5;7;1.1;6;4.2;;;;;2.8;129.5;20;
1002;198311;7;;;;0.8;13.4;7;10.2;9.2;;;;;2.4;56.9;18;
1002;198504;7;;;;3.9;18;2.9;7.1;6;;;;;2.2;60.6;10;
1002;198309;7;;;;4.5;26.1;9.8;13.7;12.7;;;;;1.7;3.1;2;
1002;198308;7;;;;3.7;24.4;10.8;18.6;13.4;;;;;1.4;43.2;8;
1002;198306;7;;;;5.5;25.8;9.3;13;12;;;;;1.3;14.4;4;
1002;198305;7;;;;2.8;13.8;3.4;6.9;5.9;;;;;2.6;72.8;19;
1002;198304;7;;;;3.3;11.3;1;5.2;4.3;;;;;3.2;97;19;
1002;198303;7;;;;2.2;15.3;1.5;5.1;4.6;;;;;2.4;11.2;2;
1002;198302;7;;;;2.4;6.4;-1.7;2.7;2;;;;;2.5;54.7;11;
1002;198301;7;;;;0.4;5.9;-3.3;1.1;0.2;;;;;0.7;5.7;5;
1002;198212;7;;;;0.4;6.3;-1.3;4.4;3.8;;;;;3.3;99.4;18;
1002;198211;7;;;;0.7;10.1;2;5.6;4.6;;;;;2.2;85.9;11;
1002;198210;7;;;;1.4;14.8;5.4;9;8;;;;;2.8;83.9;13;
1002;198209;7;;;;4.7;25.7;10.2;13.9;12.9;;;;;1.4;79.5;11;
1002;198312;7;;;;0.6;8.7;-1.5;2.8;2;;;;;2.1;128.9;12;
1002;198608;7;;;;6;26.8;10.4;14.1;13.1;;;;;2.7;10.3;3;
1002;198710;7;;;;0.6;12.5;5.5;9.1;8.1;;;;;1.7;179.7;27;
1002;198709;7;;;;4;27.3;12.7;15.6;14.6;;;;;1;74.5;9;
1002;198708;7;;;;6.5;30.9;13.6;17.9;16.8;;;;;1.5;13.3;2;
1002;198707;7;;;;5.6;28.7;13.8;17.1;16.1;;;;;1.7;23.6;7;
1002;198706;7;;;;5.3;25.7;9.2;13.1;12.8;;;;;2.3;18.2;7;
1002;198705;7;;;;4.7;21.1;5.1;8.8;7.8;;;;;1.3;2.8;1;
1002;198704;7;;;;2.4;15;4.6;8.4;7.7;;;;;2.1;67.8;15;
1002;198703;7;;;;1.9;13;1.7;5;4.5;;;;;2.1;26.1;11;
1002;198702;7;;;;1;7.9;0.7;2.8;2.7;;;;;1.7;78.3;13;
1002;198701;7;;;;0.5;5.1;-2.1;1.9;1.1;;;;;2;62.7;10;
1002;198612;7;;;;0.4;6.5;-1.3;3;2.3;;;;;1.8;36.3;12;
1002;198611;7;;;;0.6;10.5;1.1;4.8;4;;;;;1.2;41;11;
1002;198502;7;;;;1.2;9.5;1;4.7;3.8;;;;;2.3;171.9;15;
1002;198609;7;;;;3.4;23.6;12;15.2;14.2;;;;;0.9;129.3;9;
1002;198503;7;;;;1.7;9.3;-0.6;3.4;2.5;;;;;3.4;91.6;16;
1002;198607;7;;;;8.5;32.3;12.7;16.4;15.4;;;;;2;0;0;
1002;198606;7;;;;6;25.5;8.9;12.6;11.6;;;;;1.8;10.1;2;
1002;198605;7;;;;4.6;20.4;6.5;10.1;9.1;;;;;2;15.8;9;
1002;198604;7;;;;2.3;9.6;0.6;3;2;;;;;2.8;40.7;11;
1002;198603;7;;;;1.7;10.6;3.7;4.4;3.5;;;;;2.6;33;11;
1002;198602;7;;;;;4.7;-1.8;2.3;1.5;;;;;2.8;127.9;18;
1002;198601;7;;;;0.7;5.5;-1.8;2.3;1.9;;;;;3.3;94.8;17;
1002;198512;7;;;;;6.9;-0.7;3.8;2.4;;;;;1.4;108.4;14;
1002;198511;7;;;;;9.5;0.1;4.5;3.8;;;;;1.6;97.4;9;
1002;198510;7;;;;2.7;22;5.8;9.2;8;;;;;0.7;5.3;1;
1002;198509;7;;;;4.5;29.8;11.3;15;14;;;;;0.9;1;1;
1002;198505;7;;;;3.4;16.9;4;7.9;7;;;;;1.4;29.4;5;
1003;197804;7;;;;1.4;11.9;2.3;5.7;5.2;;;;;0.8;109.2;23;
1002;198610;7;;;;1.6;18.2;7.2;11.5;9.8;;;;;1.1;28.1;8;
1003;200409;7;;;;1.5;23.5;9.8;12.1;11.6;;;;;0.2;47;8;
1003;200511;8;;;;0.4;10.6;2.6;6.1;5.3;;;;;0.4;95.6;21;
1003;200510;8;;;;1;18.1;8;9.6;9.5;;;;;0.7;206;16;
1003;200509;6;;;;1.6;23.6;8.2;10.9;10.2;;;;;0.4;34.3;7;
1003;200508;6;;;;3;27.2;11.3;13.4;12.8;;;;;0.4;34.6;5;
1003;200507;6;;;;3.7;26.3;11.5;13.9;11;;;;;0.5;29;5;
1003;200506;6;;;;3.5;26;11.2;13.9;12.6;;;;;0.3;42;7;
1003;200505;6;;;;2.5;19.7;6.8;9;8.3;;;;;0.4;107;15;
1003;200504;6;;;;1.8;15.9;4.3;6.9;6.4;;;;;0.6;74.8;17;
1003;200503;6;;;;1;15;1.7;6.1;5.4;;;;;0.9;73.4;11;
1003;200502;6;;;;;9.2;-3.2;;;;;;;0.6;17.6;9;
1003;200501;6;;;;0.6;8.5;-0.6;2.9;2.5;;;;;0.4;80;9;
1003;200412;6;;;;0.2;6.6;-0.2;2.4;2.1;;;;;0.1;84.8;12;
1003;200308;6;;;;3.6;29;14;15.7;14.9;;;;;0.2;32.5;7;
1003;200410;6;;;;0.8;15.5;7.6;10.4;9.6;;;;;0.7;269;23;
1003;200602;8;;;;0.1;9.5;-2.1;4.1;3.4;;;;;0.6;141;12;
1003;200408;7;;;;2.8;23.6;11.3;13.8;13.1;;;;;0.4;79.1;11;
1003;200407;7;;;;3.9;26;11;13.4;12.7;;;;;0.3;31.1;7;
1003;200406;7;;;;4.7;27.2;11.5;13.7;13;;;;;0.3;58.6;6;
1003;200405;7;;;;3.1;19.4;6.3;8.7;8.6;;;;;0.4;54.9;17;
1003;200404;7;;;;2.4;15.5;2;5.3;4.8;;;;;0.9;61.6;9;
1003;200403;7;;;;1.3;13.7;1.4;5.7;4.9;;;;;0.6;64.3;14;
1003;200402;7;;;;0.3;12.6;-0.9;2.3;1.9;;;;;0.4;13.2;4;
1003;200401;7;;;;0.3;9.6;2.8;5.9;5.7;;;;;0.5;120;25;
1003;200312;7;;;;0.3;9.1;1.7;5.9;5.1;;;;;0.3;103;21;
1003;200311;7;;;;0.4;12.5;3.9;7.8;7.1;;;;;0.4;230;22;
1003;200310;7;;;;0.8;15.2;5.7;8.5;7.9;;;;;0.3;191;20;
1004;197104;7;;;1.8;0.2;17;8.7;11.6;10.5;;;;;2.7;70.3;18;122
1003;200411;6;;;;0.3;10.3;0.8;3.6;3.1;;;;;0.3;45.4;9;
1003;200703;8;;;;1;13;2.1;6.4;5.4;;;;;1;193;20;
1003;199804;6;;;;0.9;11.1;3.9;6.6;6;;;;;1.3;305;29;
1004;197102;7;;;1.9;0.1;13.1;0.3;4.8;3.7;;;;;2.5;22.5;4;167
1004;197101;7;;;0.9;0.1;7.5;1.3;7;5.5;;;;;3.9;168.6;19;55
1004;197012;7;;;0.9;0;6.9;-1.4;4;2.7;;;;;1.6;11.9;8;81
1004;197011;7;;;2.1;0;15.5;9.4;12.5;10.8;;;;;4;91.7;12;23
1004;197009;7;;;3;0.3;28.3;11.9;15.8;13.9;;;;;2.3;11.1;3;210
1004;197008;7;;;1.9;0.3;28;13.4;17.6;15.3;;;;;3.1;54.4;5;237
1004;197007;7;;;4.2;0.7;29.6;14.7;19.1;16.4;;;;;3.6;6.6;2;315
1004;197006;7;;;2.9;0.3;25.3;12.4;17.2;15.3;;;;;3.3;51.5;11;228
1004;197005;7;;;2.9;0.1;21.5;8.7;12.7;11.3;;;;;3.7;82.7;13;211
1004;197004;7;;;3.2;0.3;17.8;4.1;8.3;7.2;;;;;4.4;28.2;8;236
1003;200706;8;;;;2.4;21.5;8.7;11.8;11.1;;;;;0.6;73;14;
1003;200512;8;;;;0.2;7.1;-1.1;5.6;5.4;;;;;0.3;127;16;
1003;200704;8;;;;2.2;18.5;4.1;6.8;6.1;;;;;0.5;131;16;
1003;200601;8;;;;0.2;6.9;-2.3;0.6;0.5;;;;;0.2;45.5;12;
1003;200702;8;;;;0.7;10.4;3;6.6;5.7;;;;;1.3;161;21;
1003;200701;8;;;;0.3;8.8;1.5;5.2;4.6;;;;;0.4;46.6;17;
1003;200612;8;;;;0.3;8.1;1;4.5;4.5;;;;;0.3;146;14;
1003;200611;8;;;;0.7;13;5.3;8.4;7.9;;;;;0.6;248;17;
1003;200610;8;;;;1.2;18;8.9;11.8;10.9;;;;;0.6;274;22;
1003;200609;8;;;;1.7;23.9;10.8;13.1;12.3;;;;;0.4;103;14;
1003;200608;8;;;;3;26.7;10.2;12.4;11.8;;;;;0.6;39;9;
1003;200607;8;;;;2.8;27.9;13.1;15.7;14.9;;;;;0.3;13.5;7;
1003;200606;8;;;;2.5;25.5;10.4;13.2;12.4;;;;;0.2;62.5;7;
1003;200605;8;;;;2.9;21.4;6.5;9.5;8.8;;;;;0.5;41.7;6;
1003;200604;8;;;;2.5;18;4.5;8;7.2;;;;;0.9;90.5;10;
1003;200603;8;;;;1;13.1;4.8;8.3;7.3;;;;;1.4;175;24;
1003;200307;6;;;;3.7;24.5;11.9;14.3;13.4;;;;;0.3;44.4;8;
1003;200705;8;;;;2.2;18.3;6.6;9.7;8.8;;;;;0.7;63.6;18;
1003;199909;6;;;;1.7;21.2;9.7;12.2;11.5;;;;;0.7;242;18;
1003;200011;7;;;;0.9;10.1;4.1;7.6;6.8;;;;;0.7;340;27;
1003;200010;7;;;;1.2;16.1;5.5;8.8;8;;;;;0.3;171;16;
1003;200009;6;;;;2.5;23.6;8.9;11.6;11.3;;;;;0.3;74.5;8;
1003;200008;6;;;;3.7;25.5;10.4;13.1;12.7;;;;;0.4;49;7;
1003;200007;6;;;;3.2;24.6;11.5;14.1;12.6;;;;;0.7;62.1;11;
1003;200006;6;;;;4.4;25.6;8.9;11.2;10.7;;;;;0.6;4.3;5;
1003;200005;6;;;;2.9;20;7.5;10.3;9.7;;;;;0.5;65.6;18;
1003;200004;6;;;;1;11.4;3.9;7.5;6.9;;;;;1;260;27;
1003;200003;6;;;;1.2;16.3;0.5;3.3;2.6;;;;;0.4;27;9;
1003;200002;6;;;;0.5;12.8;2.5;5.3;5.2;;;;;0.3;56;15;
1003;200001;6;;;;;7.3;-3.6;;;;;;;0.4;38.4;7;
1003;199912;6;;;;0.5;8.3;0.7;5.2;5.1;;;;;0.7;199;19;
1003;200309;6;;;;2.3;24.8;10;11.6;11;;;;;0.2;51.7;9;
1003;199910;6;;;;0.7;15.4;7.1;9.9;9;;;;;0.6;265;20;
1003;200102;7;;;;0.8;12.4;0.8;3.6;3;;;;;0.8;140;11;
1003;199908;6;;;;3;25.7;11.4;13.7;12.7;;;;;0.8;58;9;
1003;199907;6;;;;4.8;27.4;12.2;14.4;13.5;;;;;0.7;17.5;4;
1003;199906;6;;;;4.4;22.7;8.6;10.7;10.2;;;;;0.9;36.5;7;
1003;199905;6;;;;2.6;18.8;7.1;10.1;9.3;;;;;0.7;78.6;20;
1003;199812;6;;;;0.3;8.7;-1.3;3.9;3.1;;;;;0.4;98.6;13;
1003;199811;6;;;;0.4;11.3;2.2;5.7;5;;;;;0.3;79.4;21;
1003;199810;6;;;;0.8;16.3;5.8;9.5;8.8;;;;;0.3;42.9;21;
1003;199809;6;;;;1.5;21.4;9.9;12.8;12;;;;;0.6;164;17;
1003;199808;6;;;;3.9;29.8;12.1;14;13.3;;;;;0.8;5.5;2;
1003;199807;6;;;;4.3;24.8;10.7;13.3;12.5;;;;;0.8;33.8;5;
1003;199806;6;;;;4.1;22.8;9.3;12.4;11.3;;;;;0.6;32.2;8;
1003;197802;7;;;;1.1;9.9;2.1;6.3;5.4;;;;;2.1;268.8;20;
1003;199911;6;;;;0.5;10.5;1.7;4.7;4.3;;;;;0.5;63.1;14;
1003;200204;6;;;;2.6;16.9;2.4;5;4.5;;;;;0.6;47.7;11;
1003;200306;6;;;;3.9;25;11.4;13.7;12.8;;;;;0.4;65.8;7;
1003;200305;6;;;;3.3;21;5.9;8.8;8.1;;;;;0.4;26.5;12;
1003;200304;6;;;;2.2;16.4;4.4;7.7;6.6;;;;;1;135;17;
1003;200303;7;;;;1.6;16.6;3.9;6.4;5.8;;;;;0.5;54.3;13;
1003;200302;7;;;;0.3;9.7;1.2;5.3;4.5;;;;;0.8;83.6;20;
1003;200301;8;;;;0.2;8.2;0.1;4.2;3.6;;;;;0.7;218;18;
1003;200212;6;;;;0.4;10.5;4.7;7.9;7;;;;;1;232;28;
1003;200211;6;;;;0.5;10.7;4.5;8.9;8.4;;;;;0.6;262;27;
1003;200210;6;;;;1.2;17.3;8;10.7;9.9;;;;;0.6;209;18;
1003;200209;6;;;;2;23.1;9.5;11.6;10.9;;;;;0.2;93.6;16;
1003;200208;6;;;;3.6;25.1;10.1;12.5;11.8;;;;;0.5;12.2;3;
1003;200207;6;;;;3.8;25.1;10;12.7;11.8;;;;;0.9;10.5;6;
1003;200012;7;;;;0.6;10.4;6.3;8.7;7.5;;;;;1.7;469;30;
1003;200205;6;;;;2.1;16;5.5;8.5;7.8;;;;;0.6;112;23;
1003;200101;7;;;;0.2;8.9;3.2;6.3;5.6;;;;;1.4;312;28;
1003;200203;6;;;;1.8;15.8;2.4;5.6;4.8;;;;;1;76.4;14;
1003;200202;6;;;;0.9;12.1;1.3;5;4.5;;;;;0.9;79.6;13;
1003;200201;6;;;;0.5;11.2;1;5.9;5.2;;;;;0.9;111;14;
1003;200112;6;;;;;8.4;-4.5;;;;;;;0.1;26.3;7;
1003;200111;6;;;;0.4;11;0.1;2.8;2.6;;;;;0.4;21.5;6;
1003;200110;6;;;;1.2;18.5;8.1;11.5;10.3;;;;;0.7;161;19;
1003;200109;7;;;;2.7;22.8;7.5;10.2;9.7;;;;;0.4;46;6;
1003;200108;7;;;;3.7;26;11.1;13;12.5;;;;;0.3;79.3;11;
1003;200107;7;;;;3.6;24.1;10.8;13.6;12.8;;;;;0.4;90.3;17;
1003;200106;7;;;;4.4;25.3;9.1;11.4;10.5;;;;;0.4;13.8;5;
1003;200105;7;;;;3.4;20.8;6.8;9.2;8.4;;;;;0.5;83.3;12;
1003;200103;7;;;;1.1;12.3;6.2;9.1;8.2;;;;;1.5;399;29;
1004;197105;7;;;2.2;0.2;18.6;9.3;13.6;12.4;;;;;2.3;113.8;18;159
1003;200206;6;;;;3.2;21.7;9.7;12.4;11.4;;;;;0.5;59.7;10;
1006;197007;7;;;3;;26.8;10.6;17.6;14.5;;;;;5.5;5.2;2;321
1006;197110;7;;;2;;21.5;4.9;8.3;7.4;;;;;3;106.7;4;193
1006;197109;7;;;2.9;;23.9;7.3;12.1;10.4;;;;;3.7;;;245
1006;197108;7;;;2.6;;21.8;9.3;14.6;12.7;;;;;4.6;31.8;7;228
1006;197107;7;;;2.4;;24.8;11.8;17.5;15.4;;;;;4.1;152.1;11;206
1006;197106;7;;;2.4;;20.1;7.6;13.4;11.7;;;;;4.9;85;10;305
1006;197105;7;;;2;;12.6;11.9;8.4;7.2;;;;;5.9;143.2;13;178
1006;197104;7;;;1.7;;11.6;3.6;6.8;5.8;;;;;3.7;126.9;22;127
1006;197103;7;;;1.2;;4.5;-0.8;1.5;1.3;;;;;5.6;111.1;8;185
1006;197102;7;;;0.4;;10;1.7;0.1;0.8;;;;;3.8;28.8;4;141
1006;197101;7;;;0.6;;9.1;1.7;4.7;3.3;;;;;8.3;254.1;17;44
1006;197011;7;;;1.4;;14.5;3.4;6.7;5.6;;;;;6.3;213.6;14;95
1006;197010;7;;;1.2;;19.5;1.4;3.8;3.7;;;;;4.7;4.2;3;197
1005;197306;7;;;2.4;5.5;22.1;8.9;14.2;13.4;;;;;3.7;35.5;5;278
1006;197008;7;;;1.7;;25.9;;15.9;13.3;;;;;4.1;34.2;5;253
1006;197201;7;;;1.2;;8.2;-1.7;3.7;3.2;;;;;6.3;172.5;15;56
1006;197006;7;;;3.1;;22.6;9.5;16;12.4;;;;;4.2;39.6;9;217
1006;197005;7;;;6.4;;17.8;6.5;11.3;8.7;;;;;5.5;131.1;9;229
1006;197004;7;;;1.7;;15.7;1.9;6.8;5;;;;;6.3;19.1;5;233
1005;197403;7;;;1.2;0.1;11.2;1.4;3.8;3.5;;;;;4.7;35.6;10;127
1005;197402;7;;;1;0;8.5;-0.3;2.7;2.2;;;;;6.5;148.8;15;103
1005;197401;7;;;0.6;0;10;1.4;5.1;4.8;;;;;3.7;165.9;15;49
1005;197312;7;;;0.6;0;8.1;-1.2;1.8;1.7;;;;;3.9;65.3;7;108
1005;197311;7;;;1.1;0.9;15.2;1.4;4.8;3.8;;;;;1.8;5.2;2;127
1005;197310;7;;;1.1;2.1;16.7;4.6;7.8;6.9;;;;;3.1;188.8;12;134
1005;197309;7;;;2;2.8;22.1;9.3;12.8;12.2;;;;;3.1;37.7;9;188
1005;197308;7;;;2.3;4.5;26;11.2;15;13.9;;;;;3.1;21.5;5;302
1004;197103;7;;;2.3;0.2;13.3;2.9;6.4;5.3;;;;;5;67.4;9;175
1006;197009;7;;;1.8;;25;8.3;13.5;11.8;;;;;5.1;9.4;4;243
1006;197302;7;;;1.1;0;8;0.7;2.1;1.4;;;;;4.8;23.1;7;107
1006;197404;7;;;2.9;2.9;15.7;1.5;4.3;3.5;;;;;3.8;26.6;6;167
1006;197403;7;;;2;1.6;12.5;1.2;4.1;3.7;;;;;4.5;37.2;8;136
1006;197402;7;;;1.6;1.2;9.5;1;3.4;2.8;;;;;5.1;183;14;120
1006;197401;7;;;1;0;9.6;2.3;5.8;5.4;;;;;4.9;431.3;21;36
1006;197312;7;;;0.3;0.4;7.4;-1.4;1;1.6;;;;;3.9;109.1;7;99
1006;197311;7;;;1.1;0.9;12.6;-0.2;1.5;1.4;;;;;2.3;56.9;3;125
1006;197310;7;;;1.5;3.9;17.2;2;6.3;5.6;;;;;2.5;180.4;9;150
1006;197309;7;;;2.4;3.4;22.4;8.9;12.2;11.3;;;;;2.8;73.6;8;211
1006;197308;7;;;3.2;4.9;28.2;11.9;16.2;14.6;;;;;3.1;23.5;5;302
1006;197307;7;;;2.9;5.4;23.7;11.1;15;11.3;;;;;3.6;39;6;269
1006;197306;7;;;3;4.8;23.2;9.9;15;13.6;;;;;3.3;57.5;7;257
1006;197305;7;;;2.2;3.4;17.2;6.9;11.9;10.7;;;;;4.7;245.6;11;211
1006;197111;7;;;1.7;;11.8;-1.6;1.8;2;;;;;4.6;54.8;9;138
1006;197303;7;;;2.2;0.6;14.5;0.5;2.6;2;;;;;3.5;25.2;3;200
1006;197112;7;;;2.8;;11.3;0.1;3.5;2.7;;;;;3.9;48.8;8;88
1006;197301;7;;;1.2;0;9.4;0;3.2;3;;;;;4.3;205;11;95
1006;197212;7;;;0.7;0;6.4;1.5;4.2;3.3;;;;;5.3;203.7;13;32
1006;197211;7;;;1;1.6;10.8;4.3;5;4.9;;;;;1.4;98.1;9;73
1006;197210;7;;;1.4;1.2;13.9;5.1;7.8;7.2;;;;;1.6;179.8;17;117
1006;197209;7;;;2.1;2;18.3;6.8;10;9.1;;;;;1.9;61.8;9;172
1006;197208;7;;;2.8;4.1;20.3;7.7;9.9;8.2;;;;;3.7;15;3;256
1006;197207;7;;;3.5;2.7;20.5;8.3;13.1;11.1;;;;;3.7;32.4;4;294
1006;197206;7;;;3.4;5;16.4;5.8;9.8;8.6;;;;;4.9;14.5;6;264
1006;197205;7;;;2.9;3.2;13.8;3.4;8;6.5;;;;;5.5;57.7;7;
1006;197204;7;;;2.8;;15.9;1.8;7.9;6;;;;;6.5;21.2;4;230
1006;197203;7;;;1.9;;7.7;0.8;4.9;3.9;;;;;4.5;137;16;105
1006;197202;7;;;1.6;;9.4;0.5;3.9;3.5;;;;;6.4;297;19;65
1005;197305;7;;;1.5;3;17;6.4;9.1;8.8;;;;;4.1;126.4;14;205
1006;197304;7;;;2.2;3.6;15;3.7;8;6.7;;;;;4.1;47.2;6;213
1004;197206;7;;;5.9;4.6;24.1;10;15.1;13.9;;;;;3.8;17.5;6;192
1004;197401;7;;;1.2;0.8;10.6;4;7.9;7.1;;;;;3.4;131.3;17;46
1004;197312;7;;;0.6;0.5;7.3;-0.1;3.5;3.3;;;;;1.6;66.7;10;70
1004;197311;7;;;1.2;0.9;12.3;1.5;6;5.3;;;;;1.2;;;66
1004;197305;7;;;2.6;2.7;19.6;9.2;12.5;11.3;;;;;3.2;74.4;10;103
1004;197304;7;;;3.2;3.3;18.6;7.8;14.2;13.2;;;;;4.5;14;6;237
1004;197303;7;;;2.6;2.3;16.5;5.6;13.7;12.9;;;;;2.9;54.6;5;204
1004;197302;7;;;1.4;0;12.4;4.7;9.8;8.8;;;;;2.9;50;8;99
1004;197301;7;;;1;0;10.9;2.8;8.8;7.7;;;;;2.2;64.2;11;84
1004;197212;7;;;1.5;0;11.1;2.9;9.7;8.5;;;;;2.7;76.8;14;64
1004;197211;7;;;1.5;2.5;14.3;7.7;10;8.9;;;;;3.2;82.6;8;
1004;197210;7;;;1.6;1.2;20.2;9.1;11.6;11.3;;;;;1.8;45.8;10;65
1004;197209;7;;;2.5;1.4;16.2;13.2;12.2;11.6;;;;;1.9;53.1;10;167
1005;197307;7;;;1.7;4.2;22.2;11.2;15.9;15;;;;;4.2;18.7;5;261
1004;197207;7;;;3.9;5.6;29.8;14.6;18.2;15.9;;;;;3.4;37.1;1;248
1005;197101;7;;;0.5;;7.1;;1.9;1.6;;;;;6.9;177.8;16;64
1004;197205;7;;;3.3;2.7;20.3;7.5;12.8;11.8;;;;;4.5;52.4;7;178
1004;197204;7;;;3.3;;18.1;4.4;9.8;8.7;;;;;5.3;34.3;4;239
1004;197203;7;;;1.9;;13.7;3.9;7.7;6.6;;;;;3.3;83.5;17;108
1004;197202;7;;;1.5;;10;2.9;6;5.3;;;;;10.6;295.1;20;68
1004;197201;7;;;0.5;;7.9;0.9;3.8;3.8;;;;;3.1;80.9;14;
1004;197112;7;;;0.6;0;9.3;1.7;5.1;4.5;;;;;1.8;39.4;8;71
1004;197111;7;;;1.1;0.1;12.4;1;5;4.5;;;;;1.8;50.5;10;101
1004;197110;7;;;1.9;0.2;23.4;8.9;13;11.9;;;;;1.6;21.1;6;177
1004;197109;7;;;2.9;0.4;26.1;11.2;16.7;15.3;;;;;1.9;8.7;4;197
1004;197108;7;;;2.8;0.3;25;13.5;17.8;16.7;;;;;2.4;57.3;7;186
1004;197107;7;;;2.7;0.5;27.7;15.6;20.6;19.1;;;;;2.4;190;13;200
1004;197106;7;;;2.8;0.4;22.8;11.1;15.9;14.5;;;;;2.8;66.5;14;191
1004;197208;7;;;3.7;3.8;28;12.4;15.5;14.4;;;;;2.7;15;4;228
1005;197202;7;;;0.6;;7.4;-2.3;2.4;2;;;;;7.1;183.4;21;37
1005;197304;7;;;1.9;3;15.4;2.6;6.7;6.3;;;;;5;14.8;6;208
1005;197303;7;;;1.6;2.6;13.3;-0.1;3.5;3.2;;;;;3.4;69.4;9;186
1005;197302;7;;;0.7;0;8.8;4.4;1.7;1.6;;;;;6.6;64;8;10
1005;197301;7;;;0.7;0;9;1.3;1.4;1.1;;;;;3.8;118.4;12;35
1005;197212;7;;;0.7;0;8.8;0.6;2.7;2.3;;;;;4.4;101.5;16;
1005;197211;7;;;0.7;0.7;12.8;1;6.7;6.3;;;;;1.4;72.7;14;11
1005;197210;7;;;0.9;0.8;16.6;6.3;8.1;7.7;;;;;1.1;87.3;15;29
1005;197209;7;;;1.6;;16.6;7.7;10.1;8.8;;;;;3.7;38.9;8;83
1005;197208;7;;;2.6;;23.7;;13;12.1;;;;;4.3;7.5;4;206
1005;197207;7;;;2.8;;25.2;6.8;16;14;;;;;4.5;5.5;2;269
1005;197206;7;;;2;;18.7;7.1;10.6;9.9;;;;;6.6;13.9;9;206
1005;197205;7;;;1.9;;14.6;4.6;8;7.4;;;;;7.7;58.7;10;113
1004;197402;7;;;1.6;1;10.7;2.9;7.1;6.5;;;;;3.7;127.5;15;100
1005;197203;7;;;1;;10.2;-0.9;3.7;3.4;;;;;5.6;86.1;19;72
1004;197403;7;;;2.1;1.9;13.5;4.8;9.7;9.1;;;;;3.5;30.3;11;135
1005;197201;7;;;0.4;;5.4;3.4;1.2;0.4;;;;;5.2;113.7;19;26
1005;197112;7;;;0.6;;9.9;0;3.4;4.3;;;;;2.4;37.5;11;76
1005;197111;7;;;0.9;;9.4;-1.5;2.8;2.5;;;;;4.8;76.6;10;143
1005;197110;7;;;1.5;;20.4;5.2;9.3;9.1;;;;;2.4;29.3;5;189
1005;197109;7;;;2.1;;22.6;9.9;12.4;11.2;;;;;3.4;5.7;4;238
1005;197108;7;;;1.6;;20.9;7.9;13.1;12.2;;;;;4;38.3;11;240
1005;197107;7;;;1.8;;23.4;13.3;15.8;14.5;;;;;3.7;160;14;221
1005;197106;7;;;1.9;;18.6;6;11.1;11;;;;;6;84.8;16;187
1005;197105;7;;;1.2;;14.6;4;8.8;8.3;;;;;5.9;120.3;20;120
1005;197104;7;;;1.1;;13.4;3.1;7.6;7.3;;;;;4.2;86.7;23;87
1005;197103;7;;;1.4;;9.9;-1.8;1.9;1.6;;;;;7.8;76.6;11;189
1005;197102;7;;;1.6;;10.3;-0.8;1.8;1.2;;;;;5.7;31.5;4;180
1003;199803;6;;;;1.8;17.5;2.3;5.9;5.6;;;;;1.1;128;13;
1005;197204;7;;;1.9;;13.8;3.2;5.6;5;;;;;6.6;31.6;7;155
1003;198404;7;;;;3.9;19.9;5.8;8.4;8;;;;;0.6;135.6;15;
1003;198509;7;;;;3;29.7;10.2;12.8;11.6;;;;;1.7;1.4;4;
1003;198505;7;;;;2.5;17.4;4.8;8.6;8;;;;;0.5;61.7;18;
1003;198504;7;;;;2.2;16.9;3.2;7.7;6;;;;;1.1;80.9;16;
1003;198503;7;;;;1.1;10.9;0.7;5.2;3.7;;;;;1.3;116.7;22;
1003;198502;7;;;;0.8;12.6;2.6;5.8;4.8;;;;;1.9;240.5;18;
1003;198501;;;;;;6.1;-2.7;;;;;;;0.9;163;19;
1003;198412;7;;;;3.5;8.8;0.5;4.7;4.2;;;;;0.3;118.9;21;
1003;198411;7;;;;0.4;10.9;3.6;6.8;6.5;;;;;0.9;276.7;26;
1003;198410;7;;;;1.3;18.3;4.7;8.7;8.2;;;;;0.3;145;12;
1003;198409;7;;;;2.6;22.7;7.6;10.6;9.9;;;;;0.4;72.5;10;
1003;198408;7;;;;3.7;25.9;11.5;12.6;11.8;;;;;0.5;40.6;6;
1003;198407;7;;;;4.6;26.4;11.2;14.1;12.7;;;;;0.2;49;5;
1003;198303;7;;;;1.6;15.8;1.7;5.5;5;;;;;0.7;52.6;13;
1003;198405;7;;;;2.1;12.9;3.9;7.1;6.3;;;;;0.8;145;21;
1003;198512;7;;;;0.7;9.6;0.5;4.5;3.9;;;;;1.3;211.9;19;
1003;198403;7;;;;;11.2;-1.9;4.3;3.9;;;;;1.3;135.6;16;
1003;198402;7;;;;;9.1;-2;1.9;2.1;;;;;0.7;64.9;13;
1003;198401;7;;;;0.1;7.3;1.4;5.2;5.1;;;;;0.8;187.3;27;
1003;198312;7;;;;0.2;10.4;0;4;3.5;;;;;1.3;181.9;12;
1003;198311;7;;;;0.6;15.8;6.7;9.6;9;;;;;0.8;110.8;20;
1003;198310;7;;;;1.3;20.1;5;9;8.5;;;;;0.3;33.1;6;
1003;198309;7;;;;2.8;25.8;8.6;12.7;11.3;;;;;0.3;12.6;7;
1003;198308;7;;;;3.4;23.9;11.3;13.8;13.2;;;;;0.4;94.6;17;
1003;198307;7;;;;3.1;24.6;12.5;15.2;14.3;;;;;0.2;33.8;16;
1003;198306;7;;;;4.4;24.7;9.3;12.5;11.7;;;;;0.4;12.5;3;
1003;198305;7;;;;1.9;13.8;5;8.2;7.5;;;;;0.6;195.5;25;
1003;198804;7;;;;1.5;13.9;4.1;7.7;7;;;;;0.7;159.1;23;
1003;198406;7;;;;3.7;22.6;10.2;13;12;;;;;0.4;115.2;13;
1003;198701;7;;;;0.3;10.2;-1.4;4;2.5;;;;;0.6;92.9;16;
1003;199805;6;;;;3.1;19.5;6.8;9.2;8.5;;;;;0.8;73.5;16;
1003;198802;7;;;;0.9;10.7;0.7;4.5;3.5;;;;;1.3;83.1;16;
1003;198801;7;;;;0.3;9.1;2.7;6.5;5.6;;;;;1.7;230.1;25;
1003;198712;7;;;;0.5;12.1;2.2;6.2;5.6;;;;;0.9;99.9;16;
1003;198711;7;;;;0.6;12.6;3;6.2;5.8;;;;;0.3;77.4;16;
1003;198710;7;;;;0.8;14.2;6.1;9.8;8.8;;;;;0.8;417;28;
1003;198709;7;;;;2.8;26;11.2;13.1;11.2;;;;;0.3;122.1;10;
1003;198708;7;;;;3.8;28;11.1;14;13;;;;;0.3;24.9;7;
1003;198707;7;;;;4.4;25.8;11.6;14.4;13.5;;;;;0.9;45.5;9;
1003;198706;7;;;;4.8;24.6;12.4;13.2;11.4;;;;;0.7;54.6;13;
1003;198705;7;;;;3.2;23.6;6.1;8.1;7;;;;;0.6;22.8;5;
1003;198704;7;;;;1.1;14.9;4.4;4.5;3.8;;;;;0.7;26.3;20;
1003;198510;7;;;;1.2;21.8;4.3;7.4;6.2;;;;;0.3;11.5;5;
1003;198702;7;;;;1.1;10.2;-0.5;4;3;;;;;3;142.4;16;
1003;198511;7;;;;;11.2;1.4;5.1;5.1;;;;;0.9;148.9;15;
1003;198612;7;;;;0.1;9;3.2;6.5;4.1;;;;;0.6;79.6;18;
1003;198611;7;;;;0.3;12;2;5;4.4;;;;;1.3;129.4;16;
1003;198610;7;;;;1.3;19;9;11;10;;;;;0.1;36.6;12;
1003;198609;7;;;;2.3;23.5;11.2;13.3;12.6;;;;;0.2;171.9;16;
1003;198608;7;;;;3.7;24.8;9.2;12.7;12;;;;;0.5;42.8;8;
1003;198607;7;;;;5.3;28;10.5;13.4;12.4;;;;;0.6;0.3;1;
1003;198606;7;;;;4.1;23.4;8;11.8;10.8;;;;;0.7;50.4;4;
1003;198605;7;;;;3.5;19.1;6.2;10.2;8.9;;;;;0.8;39.9;13;
1003;198604;7;;;;1.7;12.7;0.1;4.6;3.9;;;;;1.1;83.2;21;
1003;198603;7;;;;1.2;12.4;0.7;4.8;4.2;;;;;0.7;61.8;21;
1003;198602;7;;;;0.4;7.6;0.5;4.3;3.9;;;;;1;237.8;24;
1003;198601;7;;;;0.3;7.2;-0.9;3.3;2.9;;;;;0.5;159.7;25;
1003;198302;7;;;;;8.2;-0.2;6.3;5.6;;;;;1.2;117.7;21;
1003;198703;7;;;;2.6;15;1.2;2.7;1.1;;;;;0.6;65.9;15;
1003;197905;7;;;;2.9;17.8;5.1;8.6;7.7;;;;;0.7;130.4;13;
1003;198007;7;;;;4.1;24.7;9;12.5;11.7;;;;;0.5;35.8;10;
1003;198006;7;;;;3.8;20.4;8.4;11.7;10.8;;;;;0.7;77;14;
1003;198005;7;;;;2.6;16.6;4.9;8.7;8.1;;;;;0.6;98.5;19;
1003;198004;7;;;;3.1;17.5;1.5;5.2;4.6;;;;;0.9;75.8;7;
1003;198003;7;;;;1.5;12.2;1.8;5.5;4.9;;;;;1.1;111;18;
1003;198002;7;;;;1;12.1;0.5;4.5;4;;;;;0.9;78.1;13;
1003;198001;7;;;;0.6;9;0.3;4.1;3;;;;;1.2;172.5;20;
1003;197912;7;;;;0.5;11.1;2;5.8;5.2;;;;;0.9;158.5;24;
1003;197911;7;;;;0.9;12.6;0.9;4.3;4;;;;;0.2;154.3;14;
1003;197910;7;;;;1.3;15.8;6.3;10;9.5;;;;;0.8;225.3;2;
1003;197909;7;;;;3.3;25.9;9.1;11.8;11.2;;;;;1.2;31.2;8;
1003;197908;7;;;;4.2;26.2;9;12.7;12.1;;;;;0.6;8.2;4;
1003;198304;7;;;;1.4;12.2;3.1;5.9;5.4;;;;;1.4;227.8;26;
1003;197906;7;;;;4.9;24.8;9.1;12.4;11.5;;;;;0.4;6.6;4;
1003;198010;7;;;;1.4;17.6;6.3;9.6;8.9;;;;;0.5;109.5;17;
1003;197904;7;;;;1.9;13.1;2.1;5.8;5.1;;;;;1.7;82.1;21;
1003;197903;7;;;;0.9;9.3;1;4.7;4.2;;;;;1.1;183.2;24;
1003;197902;7;;;;1.4;9.9;2.7;5.8;5;;;;;1.7;344.3;21;
1003;197901;7;;;;0.5;8.4;0.4;4;3.7;;;;;0.7;226.6;21;
1003;197812;7;;;;1;10.4;3.3;7.6;7.3;;;;;3.3;546.5;26;
1003;197811;7;;;;0.6;14.3;0.7;4.8;4.5;;;;;0.3;46.4;14;
1003;197810;7;;;;1.7;20.2;4.5;8.2;7.4;;;;;0.7;24.3;7;
1003;197809;7;;;;2.6;27.4;9.2;11.3;10.8;;;;;0.1;30.3;5;
1003;197808;7;;;;3.9;27.6;9.7;12.6;12.1;;;;;0.2;1;3;
1003;197807;7;;;;5;26.6;9.9;13.1;12.4;;;;;0.3;1.3;4;
1003;197806;7;;;;3.6;20.5;8;11.3;10.5;;;;;0.6;78.5;13;
1003;197805;7;;;;2.7;16.4;5.1;8.5;7.9;;;;;0.8;100.1;19;
1003;197907;7;;;;5.3;29.3;11.3;14.7;13.8;;;;;0.5;7.6;5;
1003;198111;7;;;;0.6;17;1.4;4.3;4.1;;;;;0;0.2;2;
1003;198301;7;;;;;10.2;-3.1;2.5;2.4;;;;;0.3;25.6;8;
1003;198212;7;;;;0.3;7.2;0.9;4.3;4.5;;;;;0.8;188.8;24;
1003;198211;7;;;;0.6;13.4;2.7;12.7;8.9;;;;;0.9;161.6;22;
1003;198210;7;;;;1.1;15.6;6;9.2;8.3;;;;;0.4;133.5;21;
1003;198209;7;;;;2.9;24.9;9.8;12;11.3;;;;;0.4;84.4;14;
1003;198208;7;;;;4.4;26.6;10.3;13.1;12.1;;;;;0.5;15;5;
1003;198207;7;;;;4.1;24.9;11.7;14.2;13.5;;;;;0.2;41.9;9;
1003;198206;7;;;;3.3;21.8;10.1;13;12.2;;;;;0.2;82.1;19;
1003;198205;7;;;;3.1;18.9;5.4;9.4;8.6;;;;;0.5;92.6;15;
1003;198204;7;;;;3.2;19.2;1.6;4.9;4.4;;;;;1.2;28.5;6;
1003;198203;7;;;;1.9;14.1;-0.8;3.8;3.2;;;;;0.6;22;11;
1003;198202;7;;;;1.4;11.4;0.1;4.5;4;;;;;1.5;86;17;
1003;198008;7;;;;4.2;28.1;12;14.9;14.2;;;;;0.5;19;5;
1003;198112;7;;;;0.6;8.7;2.6;6.4;6.1;;;;;1.8;415.8;27;
1003;198009;7;;;;3;25.8;9.6;12.3;11.8;;;;;0.4;68.1;7;
1003;198110;7;;;;1;15.9;6.4;9.4;8.9;;;;;0.4;146;19;
1003;198109;7;;;;2.6;24;8.8;11.6;11.1;;;;;0.5;134.1;15;
1003;198108;7;;;;4.1;28.1;11.3;13.5;12.6;;;;;0.4;1.8;1;
1003;198107;7;;;;4.7;26.4;9.8;13.1;12.2;;;;;0.6;24.9;3;
1003;198106;7;;;;4.7;24.8;8.6;12.1;11.2;;;;;0.5;26.2;5;
1003;198105;7;;;;2;15.3;6.1;9.5;8.5;;;;;0.6;113.2;26;
1003;198104;7;;;;2.2;15;2.3;5.7;5.2;;;;;1.1;80.9;20;
1003;198103;7;;;;1.3;13.6;3.6;8;6.7;;;;;2;116.4;19;
1003;198102;7;;;;1.2;10.4;-2.6;2.3;1.9;;;;;1.1;82.4;13;
1003;198101;7;;;;0.6;8.2;-2;1.9;1.6;;;;;0.4;47.7;10;
1003;198012;7;;;;0.6;7.7;-3.1;3.4;2;;;;;0.4;111.6;14;
1003;198011;7;;;;0.6;11.9;3.2;5.7;5;;;;;0.9;106.6;19;
1003;198805;7;;;;2.3;17.7;7.5;10.5;9.9;;;;;0.6;107.1;23;
1003;198201;7;;;;0.5;10;1.1;4.4;4.1;;;;;1.3;98.9;20;
1003;199406;8;;;;4.4;23.9;8.7;11.2;10.4;;;;;0.4;23.3;8;
1003;199508;7;;;;4.4;27.3;11.1;12.6;11.9;;;;;0.7;7.2;3;
1003;199507;7;;;;4;25.7;12.6;14.5;13.5;;;;;0.5;43.1;12;
1003;199506;7;;;;4.8;25.3;9.1;11.4;10.7;;;;;0.8;53;7;
1003;199505;7;;;;3.2;21.4;7.7;10;9.3;;;;;0.4;125.3;22;
1003;199504;7;;;;3.3;20.4;2.2;4.7;4.2;;;;;0.7;40;9;
1003;199503;7;;;;2.1;16;2.1;5;4.5;;;;;1;58.9;11;
1003;199502;7;;;;0.8;12.1;1.2;4.7;4.4;;;;;0.8;183.1;18;
1003;199501;7;;;;0.6;10.3;1.4;7.5;6.5;;;;;1.4;155.1;22;
1003;199412;7;;;;0.4;11.2;3.4;7.3;6.8;;;;;0.7;172.1;20;
1003;199411;7;;;;0.4;14.3;3.3;6.2;5.6;;;;;0.4;141.9;12;
1003;199410;7;;;;1.4;18.7;7.4;9.9;9.4;;;;;0.2;145.7;15;
1003;199409;8;;;;2.2;19.2;7.5;11;9.2;;;;;0.6;94.5;19;
1003;199305;8;;;;2.4;17;6;8.9;8.3;;;;;0.3;221.8;26;
1003;199407;8;;;;4.7;28;12.1;14;13.4;;;;;0.4;20.8;5;
1003;199511;7;;;;0.5;13;5.2;8.1;7.3;;;;;0.4;218.6;20;
1003;199405;8;;;;2.3;17.9;6;8.7;6.5;;;;;0.6;160.2;19;
1003;199404;8;;;;2.2;14.4;2.5;5.2;5;;;;;1;44.3;14;
1003;199403;8;;;;1.9;17.1;3;6.3;6;;;;;0.6;15;12;
1003;199402;8;;;;0.6;9.4;0.1;4.3;3.4;;;;;1.5;141.7;20;
1003;199401;8;;;;0.3;10.3;1.1;4.7;4.1;;;;;0.9;222.3;24;
1003;199312;8;;;;0.6;9;3.2;6.6;6.3;;;;;0.4;109;26;
1003;199311;8;;;;0.3;11.8;1.7;4.8;4.3;;;;;0.5;156.5;15;
1003;199310;8;;;;0.9;13.6;4.7;7;6.1;;;;;0.7;224.1;19;
1003;199309;8;;;;2;19;7.9;10.6;10;;;;;0.7;124.3;23;
1003;199308;8;;;;4.3;27.1;11;12.3;11.5;;;;;0.5;11.3;9;
1003;199307;8;;;;4.6;26.1;9.2;12;10;;;;;0.5;10.8;4;
1003;198803;7;;;;1.5;14.7;0.7;4.9;4;;;;;0.6;34;13;
1003;199408;8;;;;5.2;27;11.3;13.8;13.2;;;;;0.6;33.1;8;
1003;199612;7;;;;0.3;9.2;1.6;5.6;4.6;;;;;0.8;135;23;
1003;199802;6;;;;0.8;15.6;0.8;3.2;2.8;;;;;0.4;24.8;6;
1003;199801;6;;;;0.7;10.3;3;6.3;5.6;;;;;1.7;71.7;19;
1003;199712;6;;;;0.4;9.5;2.8;6.5;5.8;;;;;0.9;194;22;
1003;199711;6;;;;0.4;11.1;6.1;8.6;7.7;;;;;1.3;286;26;
1003;199710;6;;;;0.9;19.4;9.1;11;10.4;;;;;0.8;201;17;
1003;199709;7;;;;2.2;25.3;10.2;12.2;11.5;;;;;0.5;29.1;4;
1003;199708;7;;;;3.6;24.6;12.1;14.4;13.7;;;;;0.5;82.6;10;
1003;199707;7;;;;4.5;24.8;11.6;13.7;13.1;;;;;0.9;34.2;6;
1003;199706;7;;;;2.5;18.4;8.8;11.2;10.6;;;;;0.7;100;22;
1003;199705;7;;;;2.8;18.3;7.2;10.2;9.2;;;;;0.7;199;26;
1003;199704;7;;;;3;21.2;4.7;7.2;6.5;;;;;0.6;23.6;11;
1003;199703;7;;;;2.5;22.1;1.3;3.9;3.3;;;;;0.6;0;0;
1003;199509;7;;;;2.1;19.4;8.5;10.9;10.3;;;;;0.5;125.8;17;
1003;199701;7;;;;0.5;9;0.3;3.8;3.8;;;;;1;118;17;
1003;199510;7;;;;1.4;21;7.2;10.1;9.5;;;;;0.4;120.6;12;
1003;199611;7;;;;0.7;11.6;3.5;7;6.4;;;;;0.6;232;18;
1003;199610;7;;;;1;17.7;6.1;8.4;7.8;;;;;0;102;12;
1003;199609;7;;;;2.4;21.6;8.2;10.2;9.6;;;;;0.6;104.4;13;
1003;199608;7;;;;3.7;23.6;10.3;11.9;11.5;;;;;0.9;53.7;10;
1003;199607;7;;;;4.9;26.7;11.2;13.2;12.6;;;;;1;19;7;
1003;199606;7;;;;4.6;25.8;9.8;11.6;11.1;;;;;0.7;18.6;6;
1003;199605;7;;;;3;18.3;5.7;8.2;7.7;;;;;0.7;86.9;12;
1003;199604;7;;;;2.9;17.2;4.2;6.4;6;;;;;0.7;38;10;
1003;199603;7;;;;1.4;14.1;2.2;4.4;4.4;;;;;1.1;125.3;16;
1003;199602;7;;;;0.7;8.5;0.2;3.5;3.2;;;;;0.7;136.1;20;
1003;199601;7;;;;0.5;10;2.7;6.1;5.1;;;;;1.9;285.1;25;
1003;199512;7;;;;0.3;10.2;2.8;7.1;6.3;;;;;1.4;328.2;21;
1003;199304;8;;;;1.9;13.7;1.7;5.4;4.8;;;;;0.8;171.6;23;
1003;199702;7;;;;0.8;13.2;2.4;6.1;5;;;;;0.8;49.9;15;
1003;198907;8;;;;5.1;29.2;13.2;15;14.1;;;;;0.5;28.8;5;
1003;199009;8;;;;3.1;26.9;10.8;12.8;11.9;;;;;0.7;41.1;11;
1003;199008;8;;;;5.3;31.5;11.7;13.8;12.8;;;;;0.8;8.7;6;
1003;199007;8;;;;5.6;30.7;12.2;15;13.6;;;;;0.6;6.4;4;
1003;199006;8;;;;4.1;23.3;8.8;12.2;11.2;;;;;0.7;28.8;8;
1003;199005;8;;;;3.5;22.5;6.9;10.8;9.9;;;;;0.3;26.1;11;
1003;199004;8;;;;1.4;14;2.3;5.9;5.2;;;;;0.9;72.7;18;
1003;199003;8;;;;2.3;17.3;1.4;5.1;3.6;;;;;0.9;27.3;5;
1003;199002;8;;;;0.9;13.4;4.6;8.2;7.1;;;;;1.4;78.2;17;
1003;199001;8;;;;0.4;8.3;-1.5;3.4;2.7;;;;;0.9;110.9;16;
1003;198912;8;;;;0.4;16;5.4;8.7;7.5;;;;;1.8;254.1;24;
1003;198911;8;;;;0.4;12.5;5.4;9.1;7.5;;;;;1.1;171.6;26;
1003;198910;8;;;;1.4;22.2;6.5;10;9;;;;;0.6;113.8;9;
1003;199306;8;;;;3.8;23.5;10.7;12.2;11.6;;;;;0.3;137.1;18;
1003;198908;8;;;;3.9;27.6;12.1;15.5;13.3;;;;;0.4;69.8;7;
1003;199012;8;;;;0.1;7.5;-3;3;2.7;;;;;0.2;105.4;14;
1003;198906;8;;;;4.1;24.2;10.2;13.2;12;;;;;0.6;24;7;
1003;198905;8;;;;3.3;23;8.5;11.6;10.8;;;;;0.2;125.7;17;
1003;198904;8;;;;1.4;12;1.5;5.6;4.9;;;;;1.3;120.3;24;
1003;198903;8;;;;1.5;15;0.7;6.6;5.3;;;;;1.2;88.6;12;
1003;198902;8;;;;0.3;12.8;-1.3;3;2.4;;;;;1;112.9;10;
1003;198901;8;;;;0.3;10;-3.8;1.8;1.6;;;;;0.3;31.7;5;
1003;198812;8;;;;0.1;5;-4;1.8;1;;;;;0.2;18.7;6;
1003;198811;8;;;;0.4;14;2;6;5;;;;;0.8;51.8;8;
1003;198810;8;;;;1.3;19.3;7;10.5;9;;;;;1.1;110.9;17;
1003;198809;7;;;;2.8;25.9;7.4;9.8;9.3;;;;;0.6;4.9;2;
1003;198808;7;;;;3.9;26.8;10.2;13.2;12.5;;;;;0.4;2.8;2;
1003;198806;7;;;;3.3;21.2;11.6;12.6;12.4;;;;;0.5;116.3;16;
1003;198909;8;;;;3;25;7.1;9.4;8.5;;;;;0.5;3;3;
1003;199201;8;;;;1;7.3;-4.7;0.8;0.1;;;;;0.2;62.9;4;
1003;199303;8;;;;1.3;15.5;0.4;3.5;3.3;;;;;1;44.3;14;
1003;199302;8;;;;1.1;12.5;-2.5;1.5;1.2;;;;;0.7;32.5;6;
1003;199301;8;;;;0.5;11.2;-0.7;3.3;2.9;;;;;0.6;19.3;7;
1003;199212;8;;;;0.3;8.9;2.5;4.5;3.9;;;;;0.8;124.2;18;
1003;199211;8;;;;0.5;13.6;5.1;8.6;8.3;;;;;0.1;116.8;19;
1003;199210;8;;;;1;14.7;5.1;8;7.3;;;;;0.7;100;21;
1003;199209;8;;;;2;21.7;7.2;10.6;9.9;;;;;0.8;86.2;12;
1003;199208;8;;;;3.6;26.3;10.7;13.2;12.4;;;;;0.1;199.7;13;
1003;199207;8;;;;5.4;28;12.1;14.2;13.4;;;;;0.3;1;2;
1003;199206;8;;;;3;19.5;8;10.5;9.6;;;;;0.1;96.4;18;
1003;199205;8;;;;3.7;22.2;6.7;9.5;8.8;;;;;0.2;63.7;15;
1003;199204;8;;;;2.8;16.8;2.5;6.4;5.8;;;;;0.3;65.4;10;
1003;199010;8;;;;1.1;18;7;10;9;;;;;0.8;185.6;21;
1003;199202;8;;;;0.5;13;-3;2.4;2.1;;;;;0.1;25.3;6;
1003;199011;8;;;;0.4;11.2;1;4.9;3.8;;;;;0.1;98.8;14;
1003;199112;8;;;;0.1;8.7;0.9;3.1;2.8;;;;;0.1;6.7;9;
1003;199111;8;;;;0.3;10.9;2.5;6.3;5.6;;;;;0.3;185.7;21;
1003;199110;8;;;;1;13.8;4.5;7.8;7.2;;;;;0.1;90.3;19;
1003;199109;8;;;;2.2;26;12;14;13;;;;;0.2;88.6;14;
1003;199108;8;;;;4.8;30.1;14;15.1;14.1;;;;;0.4;17;9;
1003;199107;8;;;;4.6;26.3;12.2;14.2;13.6;;;;;0.5;37;7;
1003;199106;8;;;;4.7;24;9;12;11;;;;;0.5;31.1;10;
1003;199105;8;;;;3.8;22;4.9;9;8;;;;;0.6;29.4;13;
1003;199104;8;;;;2.4;16;1.5;4.9;4.6;;;;;0.6;39.8;16;
1003;199103;8;;;;1.2;12;3.3;6.3;5.6;;;;;1;171.9;24;
1003;199102;8;;;;0.4;8.7;-2;3;2.5;;;;;0.6;150.7;15;
1003;199101;8;;;;0.2;9;-0.8;4;3.5;;;;;0.7;151.1;16;
1006;197405;7;;;3.8;4.9;19.3;5.5;8.9;7.8;;;;;5.6;69.9;11;228
1003;199203;8;;;;1.6;16.1;1.2;4.4;3.9;;;;;0.2;112.8;10;
