indroea;ano_hidr;ano_hidr1;qcio;qci;extr_a_com;mes_ci;dia_ci;qco;qc;extr_a_comv;mes_c;dia_c
1626;1978;1979;;186;INCOMPLETO CON VALOR ALTO;12;;143.5;;;;
1010;1913;1914;;;;;;;211;VALOR COMPLETADO;2;22
1621;2000;2001;;1185;INCOMPLETO CON VALOR ALTO;12;7;997.892;;;;
1621;2002;2003;;;;;;;395.245;INCOMPLETO CON VALOR ALTO;12;28
1621;2003;2004;;;;;;;485.609;INCOMPLETO CON VALOR ALTO;12;4
1621;2008;2009;;;;;;;546.5;INCOMPLETO CON VALOR ALTO;1;27
1622;2008;2009;452;;;;;;383.234;INCOMPLETO CON VALOR ALTO;1;24
1624;2007;2008;;40.13;INCOMPLETO CON VALOR ALTO;3;27;;38.275;INCOMPLETO CON VALOR ALTO;5;29
1624;2008;2009;142.7;;;;;;110.879;INCOMPLETO CON VALOR ALTO;1;29
1621;1994;1995;;;;;;;439;INCOMPLETO CON VALOR ALTO;3;6
1625;2009;2010;;64.93;INCOMPLETO CON VALOR ALTO;2;25;51.978;;;;
1621;1989;1990;;;;;;;619;INCOMPLETO CON VALOR ALTO;12;21
1626;1982;1983;;52;INCOMPLETO CON VALOR ALTO;12;20;20.44;;;;
1626;1983;1984;;45;INCOMPLETO CON VALOR ALTO;4;3;31.68;;;;
1626;1985;1986;;129;INCOMPLETO CON VALOR ALTO;2;;64.94;;;;
1626;1989;1990;;73;INCOMPLETO CON VALOR ALTO;12;21;35.462;;;;
1626;1990;1991;;62;INCOMPLETO CON VALOR ALTO;1;11;41.133;;;;
1626;1992;1993;;40;INCOMPLETO CON VALOR ALTO;12;4;24.951;;;;
1626;2008;2009;;26.989;INCOMPLETO CON VALOR ALTO;1;29;;20.734;INCOMPLETO CON VALOR ALTO;1;29
1628;2008;2009;44.963;;;;;;31.536;INCOMPLETO CON VALOR ALTO;1;29
1638;2007;2008;;18.11;INCOMPLETO CON VALOR ALTO;4;19;;11.715;INCOMPLETO CON VALOR ALTO;4;19
1625;2008;2009;;22.018;INCOMPLETO CON VALOR ALTO;1;29;;22.018;INCOMPLETO CON VALOR ALTO;1;29
1621;1921;1922;;276;INCOMPLETO CON VALOR ALTO;2;5;;261;INCOMPLETO CON VALOR ALTO;2;5
1619;1992;1993;;378;INCOMPLETO CON VALOR ALTO;12;;318.876;;;;
1619;1994;1995;;601;INCOMPLETO CON VALOR ALTO;1;2;406.069;;;;
1619;1999;2000;;335.584;INCOMPLETO CON VALOR ALTO;12;15;;;;;
1619;2003;2004;;350.844;INCOMPLETO CON VALOR ALTO;12;4;;302.537;INCOMPLETO CON VALOR ALTO;12;4
1619;2004;2005;;84.918;INCOMPLETO CON VALOR ALTO;4;21;;73.858;INCOMPLETO CON VALOR ALTO;4;21
1619;2008;2009;;397.13;INCOMPLETO CON VALOR ALTO;1;24;337.851;;;;
1620;2007;2008;;49.02;INCOMPLETO CON VALOR ALTO;4;9;;33.335;INCOMPLETO CON VALOR ALTO;4;10
1621;1917;1918;;;;;;;192;VALOR COMPLETADO;4;5
1621;1995;1996;;;;;;;511.93;INCOMPLETO CON VALOR ALTO;1;9
1621;1919;1920;;;;;;;238;VALOR COMPLETADO;1;4
1639;2009;2010;;184.7;INCOMPLETO CON VALOR ALTO;12;28;;154.7;INCOMPLETO CON VALOR ALTO;12;6
1621;1922;1923;;262;VALOR COMPLETADO;2;8;;231;INCOMPLETO CON VALOR ALTO;2;8
1621;1923;1924;;;;;;;269;VALOR COMPLETADO;2;14
1621;1924;1925;;269;VALOR COMPLETADO;2;27;;240;INCOMPLETO CON VALOR ALTO;2;27
1621;1926;1927;;408;VALOR COMPLETADO;2;26;;371;INCOMPLETO CON VALOR ALTO;2;26
1621;1927;1928;;;;;;;361;VALOR COMPLETADO;12;28
1621;1928;1929;;;;;;;132;VALOR COMPLETADO;12;15
1621;1929;1930;;;;;;;608;VALOR COMPLETADO;12;4
1621;1930;1931;;;;;;;308;VALOR COMPLETADO;3;12
1621;1945;1946;;352;VALOR COMPLETADO;6;2;251.8;315;DATO CORREGIDO ESTADISTICO ANUARIOS;6;2
1621;1918;1919;;;;;;;393;VALOR COMPLETADO;2;25
1647;2004;2005;;15.193;INCOMPLETO CON VALOR ALTO;10;31;;13.496;INCOMPLETO CON VALOR ALTO;10;30
1645;2000;2001;;;;;;;467.661;INCOMPLETO CON VALOR ALTO;1;5
1645;2001;2002;;684.476;INCOMPLETO CON VALOR ALTO;10;22;170.311;;;;
1645;2002;2003;;712.31;INCOMPLETO CON VALOR ALTO;1;;286.361;;;;
1645;2008;2009;219.5;;;;;;160.289;INCOMPLETO CON VALOR ALTO;1;23
1646;2008;2009;;24.113;INCOMPLETO CON VALOR ALTO;1;23;;24.113;INCOMPLETO CON VALOR ALTO;1;23
1647;1997;1998;;64.51;INCOMPLETO CON VALOR ALTO;11;14;46.998;;;;
1647;1998;1999;;34.477;INCOMPLETO CON VALOR ALTO;9;22;26.496;;;;
1647;2000;2001;;164.197;INCOMPLETO CON VALOR ALTO;3;22;;158.812;INCOMPLETO CON VALOR ALTO;3;22
1638;2011;2012;24.77;;;;;;15.861;INCOMPLETO CON VALOR ALTO;5;9
1647;2003;2004;;;;;;;14.06;INCOMPLETO CON VALOR ALTO;11;15
1644;2009;2010;;165.5;INCOMPLETO CON VALOR ALTO;1;14;122.197;;;;
1647;2009;2010;;;GRAN CRECIDA CON DATO DE ALTURA;12;6;;47.467;INCOMPLETO CON VALOR ALTO;12;6
1659;2007;2008;;19.06;INCOMPLETO CON VALOR ALTO;1;15;;18.475;INCOMPLETO CON VALOR ALTO;4;24
1659;2008;2009;100.979;;;;;;70.194;INCOMPLETO CON VALOR ALTO;1;29
1659;2009;2010;;204.84;INCOMPLETO CON VALOR ALTO;2;25;160.19;;;;
1715;2007;2008;;8.71;INCOMPLETO CON VALOR ALTO;4;10;;7.927;INCOMPLETO CON VALOR ALTO;4;23
1719;2008;2009;;4.988;INCOMPLETO CON VALOR ALTO;4;24;;4.988;INCOMPLETO CON VALOR ALTO;4;24
1719;2009;2010;;11.48;INCOMPLETO CON VALOR ALTO;12;29;10.979;;;;
1720;2008;2009;;2.45;INCOMPLETO CON VALOR ALTO;7;23;;2.45;INCOMPLETO CON VALOR ALTO;7;23
1720;2009;2010;;6.84;INCOMPLETO CON VALOR ALTO;2;25;5.367;;;;
1647;2002;2003;;55.847;INCOMPLETO CON VALOR ALTO;12;28;49.81;;;;
1641;1935;1936;;;;;;;;GRAN CRECIDA CON DATO DE ALTURA;;
1619;1985;1986;;402;INCOMPLETO CON VALOR ALTO;2;;248.6;;;;
1639;2011;2012;87.04;;;;;;64.361;INCOMPLETO CON VALOR ALTO;5;9
1640;2007;2008;;845.452;INCOMPLETO CON VALOR ALTO;1;6;;184.713;INCOMPLETO CON VALOR ALTO;1;14
1640;2017;2018;;130.801;INCOMPLETO CON VALOR ALTO;3;11;;110.594;INCOMPLETO CON VALOR ALTO;3;12
1641;1918;1919;;;;;;;;GRAN CRECIDA CON DATO DE ALTURA;;
1641;1923;1924;;;;;;;;GRAN CRECIDA CON DATO DE ALTURA;;
1641;1925;1926;;;;;;;;GRAN CRECIDA CON DATO DE ALTURA;;
1641;1927;1928;;;;;;;;GRAN CRECIDA CON DATO DE ALTURA;;
1641;1931;1932;;;;;;;;GRAN CRECIDA CON DATO DE ALTURA;;
1645;1999;2000;;360.622;INCOMPLETO CON VALOR ALTO;4;25;188.179;;;;
1641;1934;1935;;;;;;;;GRAN CRECIDA CON DATO DE ALTURA;;
1645;1982;1983;;;;;;;224;INCOMPLETO CON VALOR ALTO;12;12
1641;1937;1938;;;;;;;;GRAN CRECIDA CON DATO DE ALTURA;;
1641;1938;1939;;;;;;;;GRAN CRECIDA CON DATO DE ALTURA;;
1641;1939;1940;;;;;;;;GRAN CRECIDA CON DATO DE ALTURA;;
1641;1941;1942;;;;;;;;GRAN CRECIDA CON DATO DE ALTURA;;
1641;1942;1943;;;;;;;;GRAN CRECIDA CON DATO DE ALTURA;;
1642;2008;2009;;1828.2;INCOMPLETO CON VALOR ALTO;1;29;;1628.198;INCOMPLETO CON VALOR ALTO;1;29
1642;2010;2011;2263.257;;;;;;2002.166;INCOMPLETO CON VALOR ALTO;1;7
1644;2008;2009;;133.828;INCOMPLETO CON VALOR ALTO;1;23;;133.828;INCOMPLETO CON VALOR ALTO;1;23
1639;2008;2009;;121.813;INCOMPLETO CON VALOR ALTO;1;29;;121.813;INCOMPLETO CON VALOR ALTO;1;29
1641;1932;1933;;;;;;;;GRAN CRECIDA CON DATO DE ALTURA;;
1018;1928;1929;;;;;;;196;VALOR COMPLETADO;12;12
1018;1916;1917;;;;;;;1400;VALOR COMPLETADO;12;23
1018;1917;1918;;;;;;;800;VALOR COMPLETADO;1;22
1018;1918;1919;;;;;;;1882;VALOR COMPLETADO;2;22
1018;1919;1920;;;;;;;449;VALOR COMPLETADO;3;15
1018;1922;1923;;;;;;;937;VALOR COMPLETADO;2;28
1018;1923;1924;;1429;VALOR COMPLETADO;3;26;;1379;VALOR COMPLETADO;3;26
1018;1924;1925;;;;;;;604;VALOR COMPLETADO;11;29
1018;1925;1926;;;;;;;970;VALOR COMPLETADO;2;8
1607;1994;1995;;150;INCOMPLETO CON VALOR ALTO;1;2;120.396;;;;
1018;1927;1928;;507;VALOR COMPLETADO;12;23;;419;VALOR COMPLETADO;12;23
1018;1913;1914;;1262;VALOR COMPLETADO;2;22;;1177;VALOR COMPLETADO;2;22
1018;1929;1930;;1275;VALOR COMPLETADO;12;5;;922;VALOR COMPLETADO;12;5
1018;1930;1931;;;;;;;985;VALOR COMPLETADO;1;2
1019;1950;1951;;;;;;;13;VALOR COMPLETADO;4;19
1603;2007;2008;;30.77;INCOMPLETO CON VALOR ALTO;4;9;;14.486;INCOMPLETO CON VALOR ALTO;4;10
1603;2009;2010;;46.56;INCOMPLETO CON VALOR ALTO;12;6;;36.57;INCOMPLETO CON VALOR ALTO;2;25
1605;2007;2008;;78.29;INCOMPLETO CON VALOR ALTO;4;12;;74.502;INCOMPLETO CON VALOR ALTO;4;12
1607;1982;1983;;115;INCOMPLETO CON VALOR ALTO;2;;113.833;;;;
1607;1986;1987;;62;INCOMPLETO CON VALOR ALTO;4;4;57.8;;;;
1619;1988;1989;;170;INCOMPLETO CON VALOR ALTO;3;;121.436;;;;
1018;1926;1927;;;;;;;849;VALOR COMPLETADO;2;27
1010;1925;1926;;264;GRAN CRECIDA CON DATO DE ALTURA;11;7;;;;;
1010;1914;1915;;583;VALOR COMPLETADO;12;11;;504;VALOR COMPLETADO;12;11
1010;1915;1916;;;;;;;224;VALOR COMPLETADO;12;8
1010;1916;1917;;;;;;;478;VALOR COMPLETADO;12;23
1010;1917;1918;;;;;;;132;VALOR COMPLETADO;4;4
1010;1918;1919;;;;;;;409;VALOR COMPLETADO;2;23
1010;1919;1920;;;;;;;202;VALOR COMPLETADO;4;12
1010;1920;1921;;;;;;;120;VALOR COMPLETADO;12;28
1010;1921;1922;;305;VALOR COMPLETADO;4;5;;292;VALOR COMPLETADO;4;5
1010;1922;1923;;240;VALOR COMPLETADO;11;4;;231;VALOR COMPLETADO;11;4
1018;1915;1916;;;;;;;900;VALOR COMPLETADO;12;24
1010;1924;1925;;;;;;;152;VALOR COMPLETADO;4;19
1018;1914;1915;;;;;;;1300;VALOR COMPLETADO;12;11
1010;1926;1927;;350;GRAN CRECIDA CON DATO DE ALTURA;11;20;;;;;
1010;1927;1928;;226;GRAN CRECIDA CON DATO DE ALTURA;12;22;;;;;
1010;1928;1929;;166;VALOR COMPLETADO;10;28;;134;VALOR COMPLETADO;10;28
1010;1929;1930;;239;GRAN CRECIDA CON DATO DE ALTURA;11;15;;;;;
1010;1930;1931;;;;;;;206;VALOR COMPLETADO;1;3
1010;1942;1943;;;;;;;;GRAN CRECIDA CON DATO DE ALTURA;;
1010;1944;1945;;;;;;;353;VALOR COMPLETADO;12;11
1010;1954;1955;;;;;;221;220;VALOR COMPLETADO;1;24
1607;1995;1996;;102.6;INCOMPLETO CON VALOR ALTO;1;1;99.119;;;;
1010;1923;1924;;555;VALOR COMPLETADO;3;26;;487;VALOR COMPLETADO;3;26
1617;1992;1993;;83;INCOMPLETO CON VALOR ALTO;12;5;72.538;;;;
1609;1926;1927;;;;;;;202;VALOR COMPLETADO;2;27
1609;1927;1928;;;;;;;162;VALOR COMPLETADO;12;28
1609;1928;1929;;;;;;;51;VALOR COMPLETADO;1;7
1609;1929;1930;;;;;;;370;VALOR COMPLETADO;12;4
1609;1930;1931;;;;;;;112;VALOR COMPLETADO;2;24
1609;1952;1953;;;;;;;145;VALOR COMPLETADO;11;27
1617;1982;1983;;105;INCOMPLETO CON VALOR ALTO;12;;65.4;;;;
1617;1985;1986;;122;INCOMPLETO CON VALOR ALTO;2;;83;;;;
1607;1993;1994;;152;INCOMPLETO CON VALOR ALTO;1;7;141.016;;;;
1617;1991;1992;;83;INCOMPLETO CON VALOR ALTO;11;15;50.062;;;;
1609;1923;1924;;;;;;;117;VALOR COMPLETADO;11;13
1617;1993;1994;;172;INCOMPLETO CON VALOR ALTO;1;6;;131;INCOMPLETO CON VALOR ALTO;1;6
1617;2001;2002;;33.152;INCOMPLETO CON VALOR ALTO;10;22;23.623;;;;
1617;2002;2003;;97.75;INCOMPLETO CON VALOR ALTO;11;14;66.339;;;;
1617;2003;2004;;67.422;INCOMPLETO CON VALOR ALTO;12;30;;52.737;INCOMPLETO CON VALOR ALTO;12;30
1617;2004;2005;;24.94;INCOMPLETO CON VALOR ALTO;4;21;;22.307;INCOMPLETO CON VALOR ALTO;4;21
1617;2007;2008;;71.869;INCOMPLETO CON VALOR ALTO;4;8;;40.889;INCOMPLETO CON VALOR ALTO;4;9
1619;1978;1979;;524;INCOMPLETO CON VALOR ALTO;12;;350;;;;
1619;1983;1984;;252;INCOMPLETO CON VALOR ALTO;1;;214;;;;
1721;2020;2021;;154.611;INCOMPLETO CON VALOR ALTO;12;11;;125.16;INCOMPLETO CON VALOR ALTO;12;11
1617;1986;1987;;53;INCOMPLETO CON VALOR ALTO;2;17;39;;;;
1608;2004;2005;;19.175;INCOMPLETO CON VALOR ALTO;5;17;;16.127;INCOMPLETO CON VALOR ALTO;4;22
1607;2000;2001;;;GRAN CRECIDA CON DATO DE ALTURA;12;8;;;GRAN CRECIDA CON DATO DE ALTURA;12;8
1607;2002;2003;80.28;;;;;;78.03;INCOMPLETO CON VALOR ALTO;11;24
1607;2003;2004;;111.023;INCOMPLETO CON VALOR ALTO;12;4;;101.65;INCOMPLETO CON VALOR ALTO;12;4
1607;2004;2005;;17.182;INCOMPLETO CON VALOR ALTO;5;16;;16.541;INCOMPLETO CON VALOR ALTO;12;29
1607;2006;2007;;136.892;INCOMPLETO CON VALOR ALTO;12;10;130.706;;;;
1607;2008;2009;154.44;;;;;;146.917;INCOMPLETO CON VALOR ALTO;1;27
1608;1979;1980;;46;INCOMPLETO CON VALOR ALTO;1;;45.6;;;;
1608;1986;1987;;46;INCOMPLETO CON VALOR ALTO;4;4;33.73;;;;
1608;1989;1990;;99;INCOMPLETO CON VALOR ALTO;12;22;97.488;;;;
1609;1925;1926;;202;VALOR COMPLETADO;11;8;;192;VALOR COMPLETADO;11;8
1608;2003;2004;;111.241;INCOMPLETO CON VALOR ALTO;12;4;;104.364;INCOMPLETO CON VALOR ALTO;12;4
1609;1924;1925;;;;;;;127;VALOR COMPLETADO;2;27
1608;2005;2006;;35.814;INCOMPLETO CON VALOR ALTO;12;3;99.452;;;;
1609;1915;1916;;;;;;;147;VALOR COMPLETADO;12;29
1609;1916;1917;;;;;;;197;VALOR COMPLETADO;12;25
1609;1917;1918;;;;;;;97;VALOR COMPLETADO;1;17
1609;1918;1919;;;;;;;162;VALOR COMPLETADO;2;24
1609;1920;1921;;;;;;;48;VALOR COMPLETADO;12;29
1609;1921;1922;;;;;;;122;VALOR COMPLETADO;2;6
1609;1922;1923;;;;;;;112;VALOR COMPLETADO;2;13
1619;1986;1987;;122;INCOMPLETO CON VALOR ALTO;2;17;103.5;;;;
1608;2000;2001;;;GRAN CRECIDA CON DATO DE ALTURA;12;8;;;GRAN CRECIDA CON DATO DE ALTURA;12;8
1809;2010;2011;133.45;;;;;;46.7;INCOMPLETO CON VALOR ALTO;1;6
1769;1929;1930;;;;;;;418;VALOR COMPLETADO;12;3
1769;1930;1931;;;;;;;600;VALOR COMPLETADO;1;2
1769;1942;1943;;;;;;;615;VALOR COMPLETADO;12;18
1769;1951;1952;;628;VALOR COMPLETADO;4;1;630.8;552;DATO CORREGIDO ESTADISTICO ANUARIOS;4;1
1805;2007;2008;;15.59;INCOMPLETO CON VALOR ALTO;4;21;;14.211;INCOMPLETO CON VALOR ALTO;4;21
1805;2011;2012;;18.189;INCOMPLETO CON VALOR ALTO;5;5;;17.221;INCOMPLETO CON VALOR ALTO;5;5
1805;2012;2013;;95.644;INCOMPLETO CON VALOR ALTO;1;19;;82.544;INCOMPLETO CON VALOR ALTO;1;19
1806;2008;2009;;9.941;INCOMPLETO CON VALOR ALTO;1;23;;9.941;INCOMPLETO CON VALOR ALTO;1;23
1823;2011;2012;126.61;;;;;;72.819;INCOMPLETO CON VALOR ALTO;5;9
1809;2009;2010;;46.04;INCOMPLETO CON VALOR ALTO;1;12;;35.79;INCOMPLETO CON VALOR ALTO;12;6
1769;1926;1927;;;;;;;750;VALOR COMPLETADO;2;27
1809;2011;2012;177.26;;;;;;19.454;INCOMPLETO CON VALOR ALTO;10;26
1809;2012;2013;142.136;;;;;;73.385;INCOMPLETO CON VALOR ALTO;12;14
1809;2013;2014;170.53;;;;;;51.515;INCOMPLETO CON VALOR ALTO;12;24
1821;2012;2013;;;GRAN CRECIDA CON DATO DE ALTURA;1;19;;;GRAN CRECIDA CON DATO DE ALTURA;1;19
1821;2013;2014;;;GRAN CRECIDA CON DATO DE ALTURA;2;8;;;GRAN CRECIDA CON DATO DE ALTURA;2;8
1821;2016;2017;;;INCOMPLETO CON VALOR ALTO;3;5;1.976;;;;
1821;2017;2018;;;;;;;7.135;INCOMPLETO CON VALOR ALTO;3;11
1821;2018;2019;16.256;;;;;;7.349;INCOMPLETO CON VALOR ALTO;1;31
1753;2008;2009;120.579;;;;;;105.536;INCOMPLETO CON VALOR ALTO;1;23
1806;2009;2010;;39.75;INCOMPLETO CON VALOR ALTO;2;24;25.64;;;;
1769;1917;1918;;;;;;;650;VALOR COMPLETADO;4;4
1720;2013;2014;;4.99;INCOMPLETO CON VALOR ALTO;3;1;;3.459;INCOMPLETO CON VALOR ALTO;2;8
1763;2007;2008;4.46;;;;;;3.579;INCOMPLETO CON VALOR ALTO;4;21
1765;1978;1979;;160;INCOMPLETO CON VALOR ALTO;12;;132;;;;
1765;1980;1981;;88;INCOMPLETO CON VALOR ALTO;12;;47;;;;
1765;1988;1989;;23;INCOMPLETO CON VALOR ALTO;4;13;18.347;;;;
1765;1996;1997;;115;INCOMPLETO CON VALOR ALTO;11;22;65.26;;;;
1765;2008;2009;32.27;;;;;;28.499;INCOMPLETO CON VALOR ALTO;1;28
1768;1963;1964;;;;;;1304;1304;VALOR COMPLETADO;3;21
1769;1913;1914;;;;;;;1732;VALOR COMPLETADO;2;22
1769;1928;1929;;;;;;;114;VALOR COMPLETADO;1;14
1769;1916;1917;;;;;;;1833;VALOR COMPLETADO;12;24
1769;1927;1928;;;;;;;325;VALOR COMPLETADO;3;27
1769;1918;1919;;;;;;;2027;VALOR COMPLETADO;2;23
1769;1919;1920;;;;;;;418;VALOR COMPLETADO;4;12
1769;1920;1921;;;;;;;166;VALOR COMPLETADO;12;29
1769;1921;1922;;;;;;;483;VALOR COMPLETADO;1;30
1769;1922;1923;;;;;;;522;VALOR COMPLETADO;3;1
1769;1923;1924;;844;VALOR COMPLETADO;3;26;;;;;
1769;1924;1925;;;;;;;600;VALOR COMPLETADO;2;27
1769;1925;1926;;800;VALOR COMPLETADO;11;8;;;;;
1823;2013;2014;323.86;;;;;;245.863;INCOMPLETO CON VALOR ALTO;2;8
1769;1915;1916;;;;;;;910;VALOR COMPLETADO;12;8
1928;1915;1916;;;;;;;;GRAN CRECIDA CON DATO DE ALTURA;;
1832;2013;2014;;;;;;;0.06;INCOMPLETO CON VALOR ALTO;9;22
1832;2015;2016;66.13;;;;;;42.89;INCOMPLETO CON VALOR ALTO;2;12
1832;2017;2018;23.482;;;;;;17.754;INCOMPLETO CON VALOR ALTO;3;25
1833;2011;2012;24.83;;;;;;21.666;INCOMPLETO CON VALOR ALTO;4;19
1833;2015;2016;28.24;;;;;;23.376;INCOMPLETO CON VALOR ALTO;2;12
1835;2015;2016;;;INCOMPLETO CON VALOR ALTO;2;12;;;INCOMPLETO CON VALOR ALTO;2;12
1835;2016;2017;;;INCOMPLETO CON VALOR ALTO;2;4;;;INCOMPLETO CON VALOR ALTO;2;6
1836;2016;2017;;;INCOMPLETO CON VALOR ALTO;2;4;7.437;;;;
1821;2020;2021;203.125;;;;;;;GRAN CRECIDA CON DATO DE ALTURA;2;10
1837;2017;2018;;88.422;INCOMPLETO CON VALOR ALTO;4;20;;80.765;INCOMPLETO CON VALOR ALTO;4;21
1831;2011;2012;;13.93;INCOMPLETO CON VALOR ALTO;5;5;12.368;;;;
1928;1916;1917;;;;;;;;GRAN CRECIDA CON DATO DE ALTURA;;
1928;1917;1918;;;;;;;;GRAN CRECIDA CON DATO DE ALTURA;;
1928;1918;1919;;;;;;;;GRAN CRECIDA CON DATO DE ALTURA;;
1928;1919;1920;;;;;;;;GRAN CRECIDA CON DATO DE ALTURA;;
1928;1920;1921;;;;;;;;GRAN CRECIDA CON DATO DE ALTURA;;
1928;1921;1922;;;;;;;;GRAN CRECIDA CON DATO DE ALTURA;;
1928;1923;1924;;;;;;;;GRAN CRECIDA CON DATO DE ALTURA;;
1942;1951;1952;18.15;;;;;;12.6;INCOMPLETO CON VALOR ALTO;4;1
1942;1955;1956;;;;;;;110;VALOR COMPLETADO;12;15
1837;2012;2013;;153.51;INCOMPLETO CON VALOR ALTO;1;19;;116.47;INCOMPLETO CON VALOR ALTO;2;1
1827;2016;2017;;;INCOMPLETO CON VALOR ALTO;2;5;;;INCOMPLETO CON VALOR ALTO;2;5
1825;2015;2016;;;INCOMPLETO CON VALOR ALTO;2;13;;;INCOMPLETO CON VALOR ALTO;2;13
1825;2016;2017;;;INCOMPLETO CON VALOR ALTO;12;16;;;INCOMPLETO CON VALOR ALTO;2;3
1825;2017;2018;;;INCOMPLETO CON VALOR ALTO;3;3;;;INCOMPLETO CON VALOR ALTO;3;15
1825;2019;2020;;3.32;INCOMPLETO CON VALOR ALTO;12;22;;;INCOMPLETO CON VALOR ALTO;12;21
1825;2020;2021;;;GRAN CRECIDA CON DATO DE ALTURA;12;16;;;GRAN CRECIDA CON DATO DE ALTURA;2;10
1826;2015;2016;;;INCOMPLETO CON VALOR ALTO;2;13;;;INCOMPLETO CON VALOR ALTO;2;13
1826;2016;2017;;;INCOMPLETO CON VALOR ALTO;2;10;;;INCOMPLETO CON VALOR ALTO;2;5
1826;2017;2018;;;INCOMPLETO CON VALOR ALTO;4;4;;;INCOMPLETO CON VALOR ALTO;3;17
1826;2019;2020;;6.99;INCOMPLETO CON VALOR ALTO;12;21;;;INCOMPLETO CON VALOR ALTO;12;21
1832;2012;2013;;;;;;;37.016;INCOMPLETO CON VALOR ALTO;1;18
1827;2015;2016;;;INCOMPLETO CON VALOR ALTO;2;13;;;INCOMPLETO CON VALOR ALTO;2;13
1831;2013;2014;;118.79;INCOMPLETO CON VALOR ALTO;2;8;89.482;;;;
1827;2017;2018;;;INCOMPLETO CON VALOR ALTO;3;11;;;INCOMPLETO CON VALOR ALTO;4;4
1827;2019;2020;;;;;;;;INCOMPLETO CON VALOR ALTO;12;21
1827;2020;2021;;;GRAN CRECIDA CON DATO DE ALTURA;2;10;;;GRAN CRECIDA CON DATO DE ALTURA;2;10
1828;2015;2016;;;INCOMPLETO CON VALOR ALTO;2;13;;;INCOMPLETO CON VALOR ALTO;2;13
1828;2016;2017;;;INCOMPLETO CON VALOR ALTO;2;5;;;INCOMPLETO CON VALOR ALTO;2;5
1830;2015;2016;;;INCOMPLETO CON VALOR ALTO;2;12;;;INCOMPLETO CON VALOR ALTO;2;12
1830;2016;2017;;;INCOMPLETO CON VALOR ALTO;2;5;;;INCOMPLETO CON VALOR ALTO;2;5
1830;2020;2021;81.133;;;;;;54.308;INCOMPLETO CON VALOR ALTO;12;11
1753;2007;2008;;10.13;INCOMPLETO CON VALOR ALTO;1;11;;10.061;INCOMPLETO CON VALOR ALTO;6;13
1826;2020;2021;;;GRAN CRECIDA CON DATO DE ALTURA;2;10;;;GRAN CRECIDA CON DATO DE ALTURA;2;10
1734;1915;1916;;;;;;;292;VALOR COMPLETADO;12;8
1727;2001;2002;;38.176;INCOMPLETO CON VALOR ALTO;2;6;31.242;;;;
1727;2003;2004;;143.617;INCOMPLETO CON VALOR ALTO;12;30;70.195;;;;
1727;2004;2005;;71.446;INCOMPLETO CON VALOR ALTO;10;31;53.97;;;;
1727;2008;2009;;221.253;INCOMPLETO CON VALOR ALTO;1;23;;170.4;INCOMPLETO CON VALOR ALTO;1;23
1728;2008;2009;326.8;;;;;;260.656;INCOMPLETO CON VALOR ALTO;1;24
1728;2013;2014;527.35;;;;;;454.024;INCOMPLETO CON VALOR ALTO;3;2
1729;2008;2009;;65.008;INCOMPLETO CON VALOR ALTO;1;23;;65.008;INCOMPLETO CON VALOR ALTO;1;23
1729;2009;2010;;56.63;INCOMPLETO CON VALOR ALTO;2;24;44.22;;;;
1734;1925;1926;;;;;;;246;VALOR COMPLETADO;12;22
1729;2011;2012;30.3;;;;;;21.816;INCOMPLETO CON VALOR ALTO;4;19
1727;1989;1990;;160;INCOMPLETO CON VALOR ALTO;12;22;150.218;;;;
1734;1916;1917;;;;;;;314;VALOR COMPLETADO;12;23
1734;1917;1918;;;;;;;262;VALOR COMPLETADO;1;20
1734;1918;1919;;;;;;;315;VALOR COMPLETADO;2;15
1734;1919;1920;;;;;;;170;VALOR COMPLETADO;4;12
1734;1920;1921;;;;;;;16;VALOR COMPLETADO;10;7
1734;1921;1922;;;;;;;246;VALOR COMPLETADO;4;6
1734;1922;1923;;;;;;;207;VALOR COMPLETADO;2;21
1734;1923;1924;;;;;;;326;VALOR COMPLETADO;3;26
1754;1959;1960;;;;;;;287;VALOR COMPLETADO;12;27
1729;2010;2011;78.14;;;;;;36.424;INCOMPLETO CON VALOR ALTO;1;6
1724;2005;2006;;87.038;INCOMPLETO CON VALOR ALTO;3;24;;73.673;INCOMPLETO CON VALOR ALTO;3;26
1942;1959;1960;;;;;;;82.5;VALOR COMPLETADO;12;22
1722;2008;2009;;62.143;INCOMPLETO CON VALOR ALTO;1;23;;49.373;INCOMPLETO CON VALOR ALTO;1;23
1723;2007;2008;;9.65;INCOMPLETO CON VALOR ALTO;1;16;;9.464;INCOMPLETO CON VALOR ALTO;5;3
1723;2010;2011;71.81;;;;;;37.3;INCOMPLETO CON VALOR ALTO;1;7
1724;1979;1980;;86;INCOMPLETO CON VALOR ALTO;1;;61.621;;;;
1724;1981;1982;;340;INCOMPLETO CON VALOR ALTO;12;;166.5;;;;
1724;1985;1986;;190;INCOMPLETO CON VALOR ALTO;2;;124.4;;;;
1724;1990;1991;;79;INCOMPLETO CON VALOR ALTO;1;7;62.327;;;;
1724;1993;1994;;127;INCOMPLETO CON VALOR ALTO;1;9;110.447;;;;
1727;1994;1995;;188;INCOMPLETO CON VALOR ALTO;3;5;98.803;;;;
1724;2000;2001;;360.114;INCOMPLETO CON VALOR ALTO;1;5;211.951;;;;
1727;1991;1992;;115;INCOMPLETO CON VALOR ALTO;11;15;62.124;;;;
1724;2006;2007;;78.94;INCOMPLETO CON VALOR ALTO;2;23;;60.687;INCOMPLETO CON VALOR ALTO;2;24
1725;2009;2010;;35.27;INCOMPLETO CON VALOR ALTO;2;25;;30.635;INCOMPLETO CON VALOR ALTO;2;25
1726;2007;2008;;9.92;INCOMPLETO CON VALOR ALTO;3;27;;9.717;INCOMPLETO CON VALOR ALTO;5;2
1726;2008;2009;103.463;;;;;;87.272;INCOMPLETO CON VALOR ALTO;1;23
1727;1958;1959;;;;;;;208;INCOMPLETO CON VALOR ALTO;12;18
1727;1959;1960;;;;;;;197;INCOMPLETO CON VALOR ALTO;12;26
1727;1982;1983;;182;INCOMPLETO CON VALOR ALTO;12;;106.6;;;;
1727;1986;1987;;77;INCOMPLETO CON VALOR ALTO;2;17;57.474;;;;
1734;1926;1927;;;;;;;170;VALOR COMPLETADO;11;20
1724;1994;1995;;82;INCOMPLETO CON VALOR ALTO;12;31;62.919;;;;
1742;2008;2009;;14.65;INCOMPLETO CON VALOR ALTO;1;23;;14.65;INCOMPLETO CON VALOR ALTO;1;23
1739;1925;1926;;1011;VALOR COMPLETADO;11;8;;869;INCOMPLETO CON VALOR ALTO;11;8
1739;1926;1927;;1209;VALOR COMPLETADO;2;27;;965;INCOMPLETO CON VALOR ALTO;2;27
1739;1927;1928;;818;VALOR COMPLETADO;12;23;;545;INCOMPLETO CON VALOR ALTO;12;23
1739;1928;1929;;;;;;;190;VALOR COMPLETADO;2;4
1739;1929;1930;;;;;;;1109;VALOR COMPLETADO;12;3
1739;1930;1931;;1090;VALOR COMPLETADO;1;3;;789;INCOMPLETO CON VALOR ALTO;1;3
1739;2008;2009;367.5;;;;;;302.79;INCOMPLETO CON VALOR ALTO;1;24
1739;2009;2010;;337.8;INCOMPLETO CON VALOR ALTO;3;1;;268.294;INCOMPLETO CON VALOR ALTO;3;1
1734;1924;1925;;;;;;;93;VALOR COMPLETADO;11;29
1739;2011;2012;;;;;;;87.961;INCOMPLETO CON VALOR ALTO;5;9
1739;1922;1923;;817;VALOR COMPLETADO;11;4;;709;INCOMPLETO CON VALOR ALTO;11;4
1742;2009;2010;;39.26;INCOMPLETO CON VALOR ALTO;2;27;16.742;;;;
1747;1955;1956;;;;;;;227;VALOR COMPLETADO;12;15
1747;1959;1960;;;;;;;687;VALOR COMPLETADO;12;27
1747;1960;1961;;;;;;;350;VALOR COMPLETADO;11;17
1748;1951;1952;;294;VALOR COMPLETADO;11;8;64.75;;;;
1748;1955;1956;;;;;;;139;VALOR COMPLETADO;12;15
1748;1959;1960;;;;;;;362;VALOR COMPLETADO;12;26
1749;1955;1956;;;;;;;451;VALOR COMPLETADO;12;15
1749;1959;1960;;;;;;;780;VALOR COMPLETADO;12;27
1739;2010;2011;400.4;;;;;;351.54;INCOMPLETO CON VALOR ALTO;1;7
1739;1913;1914;;;;;;;1406;VALOR COMPLETADO;2;22
1734;1927;1928;;;;;;;170;VALOR COMPLETADO;3;24
1734;1928;1929;;;;;;;51;VALOR COMPLETADO;2;24
1734;1929;1930;;;;;;;183;VALOR COMPLETADO;12;4
1734;1930;1931;;;;;;;300;VALOR COMPLETADO;3;19
1734;1979;1980;;91;INCOMPLETO CON VALOR ALTO;11;;66.6;;;;
1734;1990;1991;;127;INCOMPLETO CON VALOR ALTO;3;6;95.167;;;;
1734;1994;1995;;75;INCOMPLETO CON VALOR ALTO;3;6;54.57;;;;
1734;1995;1996;;167.97;INCOMPLETO CON VALOR ALTO;12;25;145.33;;;;
1734;2004;2005;;33.025;INCOMPLETO CON VALOR ALTO;10;20;21.606;;;;
1739;1924;1925;;832;VALOR COMPLETADO;2;26;;580;INCOMPLETO CON VALOR ALTO;2;26
1739;1912;1913;;;;;;;457;VALOR COMPLETADO;10;1
1739;1923;1924;;1406;VALOR COMPLETADO;3;26;;1045;INCOMPLETO CON VALOR ALTO;3;26
1739;1914;1915;;;;;;;1418;VALOR COMPLETADO;1;3
1739;1915;1916;;;;;;;950;VALOR COMPLETADO;12;8
1739;1916;1917;;;;;;;1818;VALOR COMPLETADO;12;23
1739;1917;1918;;;;;;;969;VALOR COMPLETADO;4;5
1739;1918;1919;;;;;;;2927;VALOR COMPLETADO;2;23
1739;1919;1920;;;;;;;600;VALOR COMPLETADO;3;15
1739;1920;1921;;;;;;;127;VALOR COMPLETADO;2;3
1739;1921;1922;;912;VALOR COMPLETADO;1;29;;757;INCOMPLETO CON VALOR ALTO;4;6
1721;2009;2010;239.4;;;;;;205.44;INCOMPLETO CON VALOR ALTO;2;25
1734;2012;2013;;69.04;INCOMPLETO CON VALOR ALTO;1;19;;53.061;INCOMPLETO CON VALOR ALTO;1;19
