indroea;ano_hidr;qci;qci_com;mes_ci;dia_ci;qc;qc_com;mes_c;dia_c
1626;1978;186;2;12;;;;;
1010;1913;;;;;211;1;2;22
1621;2000;1185;2;12;7;;;;
1621;2002;;;;;395.245;2;12;28
1621;2003;;;;;485.609;2;12;4
1621;2008;;;;;546.5;2;1;27
1622;2008;;;;;383.234;2;1;24
1624;2007;40.13;2;3;27;38.275;2;5;29
1624;2008;;;;;110.879;2;1;29
1621;1994;;;;;439;2;3;6
1625;2009;64.93;2;2;25;;;;
1621;1989;;;;;619;2;12;21
1626;1982;52;2;12;20;;;;
1626;1983;45;2;4;3;;;;
1626;1985;129;2;2;;;;;
1626;1989;73;2;12;21;;;;
1626;1990;62;2;1;11;;;;
1626;1992;40;2;12;4;;;;
1626;2008;26.989;2;1;29;20.734;2;1;29
1628;2008;;;;;31.536;2;1;29
1638;2007;18.11;2;4;19;11.715;2;4;19
1625;2008;22.018;2;1;29;22.018;2;1;29
1621;1921;276;2;2;5;261;2;2;5
1619;1992;378;2;12;;;;;
1619;1994;601;2;1;2;;;;
1619;1999;335.584;2;12;15;;;;
1619;2003;350.844;2;12;4;302.537;2;12;4
1619;2004;84.918;2;4;21;73.858;2;4;21
1619;2008;397.13;2;1;24;;;;
1620;2007;49.02;2;4;9;33.335;2;4;10
1621;1917;;;;;192;1;4;5
1621;1995;;;;;511.93;2;1;9
1621;1919;;;;;238;1;1;4
1639;2009;184.7;2;12;28;154.7;2;12;6
1621;1922;262;1;2;8;231;2;2;8
1621;1923;;;;;269;1;2;14
1621;1924;269;1;2;27;240;2;2;27
1621;1926;408;1;2;26;371;2;2;26
1621;1927;;;;;361;1;12;28
1621;1928;;;;;132;1;12;15
1621;1929;;;;;608;1;12;4
1621;1930;;;;;308;1;3;12
1621;1945;352;1;6;2;;;;
1621;1918;;;;;393;1;2;25
1647;2004;15.193;2;10;31;13.496;2;10;30
1645;2000;;;;;467.661;2;1;5
1645;2001;684.476;2;10;22;;;;
1645;2002;712.31;2;1;;;;;
1645;2008;;;;;160.289;2;1;23
1646;2008;24.113;2;1;23;24.113;2;1;23
1647;1997;64.51;2;11;14;;;;
1647;1998;34.477;2;9;22;;;;
1647;2000;164.197;2;3;22;158.812;2;3;22
1638;2011;;;;;15.861;2;5;9
1647;2003;;;;;14.06;2;11;15
1644;2009;165.5;2;1;14;;;;
1647;2009;;4;12;6;47.467;2;12;6
1659;2007;19.06;2;1;15;18.475;2;4;24
1659;2008;;;;;70.194;2;1;29
1659;2009;204.84;2;2;25;;;;
1715;2007;8.71;2;4;10;7.927;2;4;23
1719;2008;4.988;2;4;24;4.988;2;4;24
1719;2009;11.48;2;12;29;;;;
1720;2008;2.45;2;7;23;2.45;2;7;23
1720;2009;6.84;2;2;25;;;;
1647;2002;55.847;2;12;28;;;;
1641;1935;;;;;;4;;
1619;1985;402;2;2;;;;;
1639;2011;;;;;64.361;2;5;9
1640;2007;845.452;2;1;6;184.713;2;1;14
1640;2017;130.801;2;3;11;110.594;2;3;12
1641;1918;;;;;;4;;
1641;1923;;;;;;4;;
1641;1925;;;;;;4;;
1641;1927;;;;;;4;;
1641;1931;;;;;;4;;
1645;1999;360.622;2;4;25;;;;
1641;1934;;;;;;4;;
1645;1982;;;;;224;2;12;12
1641;1937;;;;;;4;;
1641;1938;;;;;;4;;
1641;1939;;;;;;4;;
1641;1941;;;;;;4;;
1641;1942;;;;;;4;;
1642;2008;1828.2;2;1;29;1628.198;2;1;29
1642;2010;;;;;2002.166;2;1;7
1644;2008;133.828;2;1;23;133.828;2;1;23
1639;2008;121.813;2;1;29;121.813;2;1;29
1641;1932;;;;;;4;;
1018;1928;;;;;196;1;12;12
1018;1916;;;;;1400;1;12;23
1018;1917;;;;;800;1;1;22
1018;1918;;;;;1882;1;2;22
1018;1919;;;;;449;1;3;15
1018;1922;;;;;937;1;2;28
1018;1923;1429;1;3;26;1379;1;3;26
1018;1924;;;;;604;1;11;29
1018;1925;;;;;970;1;2;8
1607;1994;150;2;1;2;;;;
1018;1927;507;1;12;23;419;1;12;23
1018;1913;1262;1;2;22;1177;1;2;22
1018;1929;1275;1;12;5;922;1;12;5
1018;1930;;;;;985;1;1;2
1019;1950;;;;;13;1;4;19
1603;2007;30.77;2;4;9;14.486;2;4;10
1603;2009;46.56;2;12;6;36.57;2;2;25
1605;2007;78.29;2;4;12;74.502;2;4;12
1607;1982;115;2;2;;;;;
1607;1986;62;2;4;4;;;;
1619;1988;170;2;3;;;;;
1018;1926;;;;;849;1;2;27
1010;1925;264;4;11;7;;;;
1010;1914;583;1;12;11;504;1;12;11
1010;1915;;;;;224;1;12;8
1010;1916;;;;;478;1;12;23
1010;1917;;;;;132;1;4;4
1010;1918;;;;;409;1;2;23
1010;1919;;;;;202;1;4;12
1010;1920;;;;;120;1;12;28
1010;1921;305;1;4;5;292;1;4;5
1010;1922;240;1;11;4;231;1;11;4
1018;1915;;;;;900;1;12;24
1010;1924;;;;;152;1;4;19
1018;1914;;;;;1300;1;12;11
1010;1926;350;4;11;20;;;;
1010;1927;226;4;12;22;;;;
1010;1928;166;1;10;28;134;1;10;28
1010;1929;239;4;11;15;;;;
1010;1930;;;;;206;1;1;3
1010;1942;;;;;;4;;
1010;1944;;;;;353;1;12;11
1010;1954;;;;;220;1;1;24
1607;1995;102.6;2;1;1;;;;
1010;1923;555;1;3;26;487;1;3;26
1617;1992;83;2;12;5;;;;
1609;1926;;;;;202;1;2;27
1609;1927;;;;;162;1;12;28
1609;1928;;;;;51;1;1;7
1609;1929;;;;;370;1;12;4
1609;1930;;;;;112;1;2;24
1609;1952;;;;;145;1;11;27
1617;1982;105;2;12;;;;;
1617;1985;122;2;2;;;;;
1607;1993;152;2;1;7;;;;
1617;1991;83;2;11;15;;;;
1609;1923;;;;;117;1;11;13
1617;1993;172;2;1;6;131;2;1;6
1617;2001;33.152;2;10;22;;;;
1617;2002;97.75;2;11;14;;;;
1617;2003;67.422;2;12;30;52.737;2;12;30
1617;2004;24.94;2;4;21;22.307;2;4;21
1617;2007;71.869;2;4;8;40.889;2;4;9
1619;1978;524;2;12;;;;;
1619;1983;252;2;1;;;;;
1721;2020;154.611;2;12;11;125.16;2;12;11
1617;1986;53;2;2;17;;;;
1608;2004;19.175;2;5;17;16.127;2;4;22
1607;2000;;4;12;8;;4;12;8
1607;2002;;;;;78.03;2;11;24
1607;2003;111.023;2;12;4;101.65;2;12;4
1607;2004;17.182;2;5;16;16.541;2;12;29
1607;2006;136.892;2;12;10;;;;
1607;2008;;;;;146.917;2;1;27
1608;1979;46;2;1;;;;;
1608;1986;46;2;4;4;;;;
1608;1989;99;2;12;22;;;;
1609;1925;202;1;11;8;192;1;11;8
1608;2003;111.241;2;12;4;104.364;2;12;4
1609;1924;;;;;127;1;2;27
1608;2005;35.814;2;12;3;;;;
1609;1915;;;;;147;1;12;29
1609;1916;;;;;197;1;12;25
1609;1917;;;;;97;1;1;17
1609;1918;;;;;162;1;2;24
1609;1920;;;;;48;1;12;29
1609;1921;;;;;122;1;2;6
1609;1922;;;;;112;1;2;13
1619;1986;122;2;2;17;;;;
1608;2000;;4;12;8;;4;12;8
1809;2010;;;;;46.7;2;1;6
1769;1929;;;;;418;1;12;3
1769;1930;;;;;600;1;1;2
1769;1942;;;;;615;1;12;18
1769;1951;628;1;4;1;;;;
1805;2007;15.59;2;4;21;14.211;2;4;21
1805;2011;18.189;2;5;5;17.221;2;5;5
1805;2012;95.644;2;1;19;82.544;2;1;19
1806;2008;9.941;2;1;23;9.941;2;1;23
1823;2011;;;;;72.819;2;5;9
1809;2009;46.04;2;1;12;35.79;2;12;6
1769;1926;;;;;750;1;2;27
1809;2011;;;;;19.454;2;10;26
1809;2012;;;;;73.385;2;12;14
1809;2013;;;;;51.515;2;12;24
1821;2012;;4;1;19;;4;1;19
1821;2013;;4;2;8;;4;2;8
1821;2016;;2;3;5;;;;
1821;2017;;;;;7.135;2;3;11
1821;2018;;;;;7.349;2;1;31
1753;2008;;;;;105.536;2;1;23
1806;2009;39.75;2;2;24;;;;
1769;1917;;;;;650;1;4;4
1720;2013;4.99;2;3;1;3.459;2;2;8
1763;2007;;;;;3.579;2;4;21
1765;1978;160;2;12;;;;;
1765;1980;88;2;12;;;;;
1765;1988;23;2;4;13;;;;
1765;1996;115;2;11;22;;;;
1765;2008;;;;;28.499;2;1;28
1768;1963;;;;;1304;1;3;21
1769;1913;;;;;1732;1;2;22
1769;1928;;;;;114;1;1;14
1769;1916;;;;;1833;1;12;24
1769;1927;;;;;325;1;3;27
1769;1918;;;;;2027;1;2;23
1769;1919;;;;;418;1;4;12
1769;1920;;;;;166;1;12;29
1769;1921;;;;;483;1;1;30
1769;1922;;;;;522;1;3;1
1769;1923;844;1;3;26;;;;
1769;1924;;;;;600;1;2;27
1769;1925;800;1;11;8;;;;
1823;2013;;;;;245.863;2;2;8
1769;1915;;;;;910;1;12;8
1928;1915;;;;;;4;;
1832;2013;;;;;0.06;2;9;22
1832;2015;;;;;42.89;2;2;12
1832;2017;;;;;17.754;2;3;25
1833;2011;;;;;21.666;2;4;19
1833;2015;;;;;23.376;2;2;12
1835;2015;;2;2;12;;2;2;12
1835;2016;;2;2;4;;2;2;6
1836;2016;;2;2;4;;;;
1821;2020;;;;;;4;2;10
1837;2017;88.422;2;4;20;80.765;2;4;21
1831;2011;13.93;2;5;5;;;;
1928;1916;;;;;;4;;
1928;1917;;;;;;4;;
1928;1918;;;;;;4;;
1928;1919;;;;;;4;;
1928;1920;;;;;;4;;
1928;1921;;;;;;4;;
1928;1923;;;;;;4;;
1942;1951;;;;;12.6;2;4;1
1942;1955;;;;;110;1;12;15
1837;2012;153.51;2;1;19;116.47;2;2;1
1827;2016;;2;2;5;;2;2;5
1825;2015;;2;2;13;;2;2;13
1825;2016;;2;12;16;;2;2;3
1825;2017;;2;3;3;;2;3;15
1825;2019;3.32;2;12;22;;2;12;21
1825;2020;;4;12;16;;4;2;10
1826;2015;;2;2;13;;2;2;13
1826;2016;;2;2;10;;2;2;5
1826;2017;;2;4;4;;2;3;17
1826;2019;6.99;2;12;21;;2;12;21
1832;2012;;;;;37.016;2;1;18
1827;2015;;2;2;13;;2;2;13
1831;2013;118.79;2;2;8;;;;
1827;2017;;2;3;11;;2;4;4
1827;2019;;;;;;2;12;21
1827;2020;;4;2;10;;4;2;10
1828;2015;;2;2;13;;2;2;13
1828;2016;;2;2;5;;2;2;5
1830;2015;;2;2;12;;2;2;12
1830;2016;;2;2;5;;2;2;5
1830;2020;;;;;54.308;2;12;11
1753;2007;10.13;2;1;11;10.061;2;6;13
1826;2020;;4;2;10;;4;2;10
1734;1915;;;;;292;1;12;8
1727;2001;38.176;2;2;6;;;;
1727;2003;143.617;2;12;30;;;;
1727;2004;71.446;2;10;31;;;;
1727;2008;221.253;2;1;23;170.4;2;1;23
1728;2008;;;;;260.656;2;1;24
1728;2013;;;;;454.024;2;3;2
1729;2008;65.008;2;1;23;65.008;2;1;23
1729;2009;56.63;2;2;24;;;;
1734;1925;;;;;246;1;12;22
1729;2011;;;;;21.816;2;4;19
1727;1989;160;2;12;22;;;;
1734;1916;;;;;314;1;12;23
1734;1917;;;;;262;1;1;20
1734;1918;;;;;315;1;2;15
1734;1919;;;;;170;1;4;12
1734;1920;;;;;16;1;10;7
1734;1921;;;;;246;1;4;6
1734;1922;;;;;207;1;2;21
1734;1923;;;;;326;1;3;26
1754;1959;;;;;287;1;12;27
1729;2010;;;;;36.424;2;1;6
1724;2005;87.038;2;3;24;73.673;2;3;26
1942;1959;;;;;82.5;1;12;22
1722;2008;62.143;2;1;23;49.373;2;1;23
1723;2007;9.65;2;1;16;9.464;2;5;3
1723;2010;;;;;37.3;2;1;7
1724;1979;86;2;1;;;;;
1724;1981;340;2;12;;;;;
1724;1985;190;2;2;;;;;
1724;1990;79;2;1;7;;;;
1724;1993;127;2;1;9;;;;
1727;1994;188;2;3;5;;;;
1724;2000;360.114;2;1;5;;;;
1727;1991;115;2;11;15;;;;
1724;2006;78.94;2;2;23;60.687;2;2;24
1725;2009;35.27;2;2;25;30.635;2;2;25
1726;2007;9.92;2;3;27;9.717;2;5;2
1726;2008;;;;;87.272;2;1;23
1727;1958;;;;;208;2;12;18
1727;1959;;;;;197;2;12;26
1727;1982;182;2;12;;;;;
1727;1986;77;2;2;17;;;;
1734;1926;;;;;170;1;11;20
1724;1994;82;2;12;31;;;;
1742;2008;14.65;2;1;23;14.65;2;1;23
1739;1925;1011;1;11;8;869;2;11;8
1739;1926;1209;1;2;27;965;2;2;27
1739;1927;818;1;12;23;545;2;12;23
1739;1928;;;;;190;1;2;4
1739;1929;;;;;1109;1;12;3
1739;1930;1090;1;1;3;789;2;1;3
1739;2008;;;;;302.79;2;1;24
1739;2009;337.8;2;3;1;268.294;2;3;1
1734;1924;;;;;93;1;11;29
1739;2011;;;;;87.961;2;5;9
1739;1922;817;1;11;4;709;2;11;4
1742;2009;39.26;2;2;27;;;;
1747;1955;;;;;227;1;12;15
1747;1959;;;;;687;1;12;27
1747;1960;;;;;350;1;11;17
1748;1951;294;1;11;8;;;;
1748;1955;;;;;139;1;12;15
1748;1959;;;;;362;1;12;26
1749;1955;;;;;451;1;12;15
1749;1959;;;;;780;1;12;27
1739;2010;;;;;351.54;2;1;7
1739;1913;;;;;1406;1;2;22
1734;1927;;;;;170;1;3;24
1734;1928;;;;;51;1;2;24
1734;1929;;;;;183;1;12;4
1734;1930;;;;;300;1;3;19
1734;1979;91;2;11;;;;;
1734;1990;127;2;3;6;;;;
1734;1994;75;2;3;6;;;;
1734;1995;167.97;2;12;25;;;;
1734;2004;33.025;2;10;20;;;;
1739;1924;832;1;2;26;580;2;2;26
1739;1912;;;;;457;1;10;1
1739;1923;1406;1;3;26;1045;2;3;26
1739;1914;;;;;1418;1;1;3
1739;1915;;;;;950;1;12;8
1739;1916;;;;;1818;1;12;23
1739;1917;;;;;969;1;4;5
1739;1918;;;;;2927;1;2;23
1739;1919;;;;;600;1;3;15
1739;1920;;;;;127;1;2;3
1739;1921;912;1;1;29;757;2;4;6
1721;2009;;;;;205.44;2;2;25
1734;2012;69.04;2;1;19;53.061;2;1;19
