ref_ceh;anomes;hmedmes;qmedmes;apormedmes;qcmes;hcmes;dia_cmes;qnmes;hnmes;dia_nmes;orig_dato_id
1401;196110;;60.206;161.256;80.5;;24;30;;5;1
1401;196111;;74.076;192.005;80;;15;50;;30;1
1401;196112;;59.403;159.104;80;;5;0;;26;1
1401;196202;;72.696;175.867;80;;1;47;;25;1
1401;196203;;60.147;161.097;80;;4;0;;10;1
1401;196205;;54.512;146.004;78.75;;1;2.31;;28;1
1401;196206;;26.856;69.612;46.19;;1;3.72;;18;1
1401;196207;;29.58;79.227;57.91;;10;8.24;;4;1
1401;196208;;24.415;65.394;41.96;;4;8.94;;19;1
1401;196209;;20.761;53.813;37.65;;21;3.89;;30;1
1401;196210;;27.476;73.591;47.58;;20;5.51;;29;1
1401;196211;;27.138;70.341;60.97;;23;3.71;;5;1
1401;196212;;45.603;122.142;77.93;;23;13.51;;3;1
1401;196301;;68.468;183.386;84.33;;6;46.66;;8;1
1401;196302;;64.242;155.414;89.17;;10;17.78;;28;1
1401;196303;;21.555;57.732;70;;16;0;;2;1
1401;196304;;32.369;83.9;79.54;;13;0;;26;1
1401;196305;;43.691;117.023;80;;12;0;;1;1
1401;196306;;59.238;153.546;79.24;;8;12.28;;24;1
1401;196307;;36.035;96.515;57.31;;1;12.93;;29;1
1401;196308;;31.501;84.371;45.49;;7;14.22;;12;1
1401;196309;;38.099;98.752;53.41;;20;18.21;;30;1
1401;196310;;50.395;134.979;68.9;;12;2.98;;14;1
1401;196311;;68.944;178.704;80;;10;35.36;;12;1
1401;196312;;41.225;110.417;73.5;;31;0;;6;1
1401;196401;;71.589;191.745;80;;15;53.5;;7;1
1401;196402;;57.031;142.897;79.81;;22;0;;25;1
1401;196403;;36.285;97.185;79.96;;2;0;;11;1
1401;196404;;54.064;140.133;77.65;;9;3;;21;1
1401;196405;;55.001;147.314;75;;5;25.84;;18;1
1401;196406;;50.245;130.236;75;;6;2.79;;29;1
1401;196407;;36.17;96.878;50.89;;11;3.01;;18;1
1401;196408;;34.212;91.633;58.93;;18;2.31;;16;1
1401;196409;;42.574;110.352;59.22;;5;19.51;;13;1
1401;196410;;43.288;115.943;74.47;;17;7.83;;28;1
1401;196411;;26.544;68.803;42.09;;7;7.07;;22;1
1401;196412;;29.444;78.862;56.38;;10;6.8;;20;1
1401;196501;;52.14;139.653;76.97;;24;8.22;;17;1
1401;196502;;70.701;171.039;75;;1;44.19;;28;1
1401;196503;;59.06;158.186;74.14;;6;4.92;;16;1
1401;196504;;69.078;179.049;76.42;;6;41.38;;25;1
1401;196505;;40.818;109.326;71.49;;6;8;;23;1
1401;196506;;23.576;61.109;44.04;;3;2.23;;26;1
1401;196507;;14.911;39.937;42.74;;3;0.21;;17;1
1401;196509;;28.693;74.372;70.93;;30;5.21;;20;1
1401;196510;;39.651;106.201;74.8;;5;12.67;;4;1
1401;196511;;48.757;126.378;76.81;;28;10.49;;1;1
1401;196512;;35.277;94.486;81.93;;2;0;;7;1
1401;196601;;24.128;64.625;74.32;;6;0;;12;1
1401;196602;;4.425;10.706;54.43;;6;0;;1;1
1401;196603;;55.639;149.024;81.59;;29;0;;1;1
1401;196604;;58.436;151.465;80;;8;0;;10;1
1401;196605;;71.433;191.326;85.97;;21;52.38;;1;1
1401;196606;;67.382;174.655;81.6;;17;46.07;;19;1
1401;196607;;46.148;123.603;61.48;;12;20.07;;18;1
1401;196608;;29.291;78.452;49.87;;6;6.85;;28;1
1401;196609;;25.584;66.314;41.19;;30;0.81;;22;1
1401;196610;;47.72;127.814;72;;26;5.89;;12;1
1401;196611;;64.827;168.032;79.5;;30;29.04;;5;1
1401;196612;;73.161;195.953;80;;1;56;;26;1
1401;196701;;68.936;184.639;79;;24;51.42;;16;1
1401;196702;;70.256;169.964;76.43;;16;47.49;;13;1
1401;196703;;71.511;191.535;77.35;;10;65.26;;9;1
1401;196704;;63.894;165.614;77;;2;36.2;;30;1
1401;196705;;61.437;164.553;72.91;;23;39.2;;1;1
1401;196706;;43.915;113.828;72.03;;8;20.11;;11;1
1401;196707;;24.13;64.631;41.07;;5;1.86;;23;1
1401;196708;;23.894;63.998;69.1;;3;0;;10;1
1401;196709;;46.879;121.511;60.53;;22;18.64;;3;1
1401;196710;;37.429;100.251;55.18;;6;14.12;;29;1
1401;196711;;40.127;104.01;69.67;;5;6.03;;1;1
1401;196712;;45.45;121.733;71.15;;22;3.52;;26;1
1401;196801;;63.477;170.017;74.99;;6;39.58;;1;1
1401;196802;;70.759;177.295;81.03;;13;43.66;;5;1
1401;196803;;67.543;180.908;78.57;;2;23.04;;19;1
1401;196804;;57.746;149.678;92.1;;1;3.64;;19;1
1401;196805;;59.848;160.296;80.3;;31;2.44;;5;1
1401;196806;;47.752;123.774;83.74;;1;24.38;;16;1
1401;196807;;52.068;139.458;71.1;;6;22.97;;21;1
1401;196808;;20.465;54.814;66.51;;3;0.19;;16;1
1401;196809;;63.753;165.249;75.31;;21;34.56;;9;1
1401;196810;;69.03;184.891;78.2;;22;46.85;;6;1
1401;196811;;69.551;180.277;78.33;;19;59.4;;6;1
1401;196812;;64.239;172.057;75.7;;19;29.03;;21;1
1401;196901;;39.355;105.41;72.83;;26;0;;17;1
1401;196902;;53.248;128.818;74.83;;23;32.71;;21;1
1401;196903;;41.42;110.939;78.92;;30;0;;15;1
1401;196904;;65.275;169.193;82.79;;3;33.87;;23;1
1401;196905;;49.636;132.945;72.06;;26;7.4;;8;1
1401;196906;;63.887;165.595;72.03;;12;48.92;;30;1
1401;196907;;64.131;171.769;77.95;;1;34.36;;20;1
1401;196908;;70.034;187.58;75.89;;15;58.62;;4;1
1401;196909;;53.104;137.646;79.87;;11;5.42;;27;1
1401;196910;;61.404;164.463;78.49;;10;34.6;;2;1
1401;196911;;48.795;126.478;74.44;;17;4.45;;10;1
1401;196912;;55.803;149.463;76.45;;31;18.29;;7;1
1401;197001;;38.108;102.069;76.89;;4;0;;15;1
1401;197002;;51.757;125.211;77.02;;22;26.59;;9;1
1401;197003;;67.002;179.458;75.83;;15;56.03;;3;1
1401;197004;;57.352;148.656;72.26;;29;40.92;;27;1
1401;197005;;61.424;164.517;80.34;;21;25.65;;1;1
1401;197006;;71.776;186.043;77.41;;7;59.52;;2;1
1401;197007;;42.599;114.096;73.6;;4;1.76;;11;1
1401;197008;;55.149;147.712;76.98;;6;11.8;;17;1
1401;197009;;10.394;26.941;65.46;;1;0;;6;1
1401;197010;;26.661;71.41;53.97;;6;8.32;;30;1
1401;197011;;34.996;90.709;63.86;;20;4.67;;9;1
1401;197012;;58.722;157.28;78.43;;18;19.55;;26;1
1401;197101;;46.355;124.157;78.6;;21;3.99;;9;1
1401;197102;;66.547;160.991;78.45;;2;54.94;;14;1
1401;197103;;66.428;177.92;80.52;;21;19.9;;13;1
1401;197104;;71.41;185.094;81.66;;1;58.38;;29;1
1401;197105;;67.842;181.708;76.46;;2;45.97;;3;1
1401;197106;;72.361;187.561;80.91;;23;57.32;;4;1
1401;197107;;73.408;196.615;83.29;;3;59.15;;11;1
1401;197108;;69.772;186.877;75.9;;21;50.97;;16;1
1401;197109;;65.567;169.95;77.85;;12;47.51;;20;1
1401;197110;;52.616;140.927;69.52;;2;32.29;;31;1
1401;197111;;58.755;152.293;75.04;;20;21.78;;2;1
1401;197112;;61.381;164.404;81.64;;23;35.35;;26;1
1401;197201;;61.899;165.79;81.72;;14;17.08;;6;1
1401;197202;;61.874;155.032;83.86;;6;14.81;;11;1
1401;197203;;70.252;188.164;79.32;;26;44.85;;4;1
1401;197204;;69.088;179.075;76.4;;8;52.5;;12;1
1401;197205;;66.035;176.869;75.45;;16;40.54;;11;1
1401;197206;;64.696;167.693;73.44;;18;34.79;;29;1
1401;197207;;64.794;173.545;77.68;;21;38.87;;2;1
1401;197208;;45.41;121.627;77.34;;14;0;;18;1
1401;197209;;34.501;89.427;49.55;;3;17.41;;26;1
1401;197210;;62.112;166.361;78.6;;26;27.42;;1;1
1401;197211;;65.312;169.29;76.93;;29;42.75;;16;1
1401;197212;;73.055;195.669;79.92;;12;54.23;;26;1
1401;197301;;71.295;190.956;82.4;;27;59.5;;17;1
1401;197302;;70.085;169.549;79.88;;24;52.39;;13;1
1401;197303;;70.172;187.948;82.63;;2;33.26;;20;1
1401;197304;;49.388;128.013;78.24;;2;30.05;;21;1
1401;197305;;57.106;152.954;81.32;;13;11;;5;1
1401;197306;;45.173;117.088;73.36;;7;19.88;;16;1
1401;197307;;46.379;124.221;73.94;;27;9.19;;11;1
1401;197308;;56.596;151.588;75.39;;7;4.02;;28;1
1401;197309;;41.656;107.973;73.48;;22;6.86;;10;1
1401;197310;;57.886;155.042;75.58;;19;21.47;;14;1
1401;197311;;43.096;111.704;78.01;;2;18.75;;19;1
1401;197312;;45.397;121.591;77.98;;23;17.3;;9;1
1401;197401;;67.369;180.441;79.85;;5;39.3;;31;1
1401;197402;;47.269;114.353;80.39;;28;8.03;;15;1
1401;197403;;74.169;198.655;80.93;;10;67.06;;20;1
1401;197404;;65.076;168.677;78.87;;5;34.85;;28;1
1401;197405;;61.212;163.949;74.39;;19;29.26;;31;1
1401;197406;;44.815;116.161;77.79;;30;23.45;;2;1
1401;197407;;62.125;166.394;74.16;;7;45.75;;18;1
1401;197408;;0;0;0;;1;0;;1;1
1401;197409;;0;0;0;;1;0;;1;1
1401;197410;;0.32;0.856;3.06;;21;0;;1;1
1401;197411;;0;0;0;;1;0;;1;1
1401;197412;;0;0;0;;1;0;;1;1
1401;197501;;0;0;0;;1;0;;1;1
1401;197502;;0;0;0;;1;0;;1;1
1401;197503;;4.982;13.343;67.16;;30;0;;1;1
1401;197504;;56.414;146.225;73.4;;10;40.72;;14;1
1401;197505;;38.698;103.65;59.17;;10;18.41;;1;1
1401;197506;;38.414;99.568;67.53;;24;17.64;;11;1
1401;197507;;38.183;102.27;56.52;;3;9.7;;20;1
1401;197508;;27.954;74.873;59.95;;14;5.61;;24;1
1401;197509;;49.584;128.521;76.82;;12;4.29;;21;1
1401;197510;;47.978;128.504;76.85;;18;0;;28;1
1401;197511;;59.129;153.263;78.09;;29;9.86;;1;1
1401;197512;;69.056;184.96;78.64;;13;46.41;;28;1
1401;197601;;26.23;70.255;64.46;;3;9.34;;11;1
1401;197602;;52.606;131.809;76.91;;16;12.48;;8;1
1401;197603;;53.993;144.615;71.57;;17;13.94;;14;1
1401;197604;;58.479;151.578;75.78;;7;29.91;;11;1
1401;197605;;30.202;80.894;52.07;;29;9.58;;2;1
1401;197606;;34.958;90.61;56.75;;15;14.63;;27;1
1401;197607;;32.188;86.213;59.8;;7;10.87;;11;1
1401;197608;;29.618;79.329;58.66;;31;13;;15;1
1401;197609;;39.822;103.219;66.75;;29;18.43;;12;1
1401;197610;;48.709;130.462;76.15;;29;1.51;;11;1
1401;197611;;66.837;173.241;79.86;;30;49.53;;11;1
1401;197612;;63.181;169.225;74.15;;19;0.28;;7;1
1401;197701;;60.854;162.991;76.88;;2;11.47;;26;1
1401;197702;;19.127;46.272;61.08;;7;0;;10;1
1401;197703;;41.831;112.04;77.06;;7;22.47;;22;1
1401;197704;;57.613;149.332;79.5;;8;39.67;;5;1
1401;197705;;51.373;137.597;74.34;;31;19.37;;2;1
1401;197706;;67.889;175.968;76.16;;10;43.47;;5;1
1401;197707;;59.138;158.395;71.24;;7;17.31;;17;1
1401;197708;;58.824;157.555;75.13;;31;5.35;;17;1
1401;197709;;64.077;166.088;75.37;;4;33.13;;18;1
1401;197710;;54.01;144.66;76.83;;20;16.77;;5;1
1401;197711;;54.135;140.318;72.5;;22;23.63;;27;1
1401;197712;;62.855;168.352;76.94;;8;12.86;;4;1
1401;197801;;61.638;165.091;77.37;;7;28.24;;28;1
1401;197802;;43.341;104.852;78.83;;5;0;;21;1
1401;197803;;45.659;122.293;73.31;;26;0;;1;1
1401;197804;;65.809;170.578;78.56;;8;29.37;;13;1
1401;197805;;66.448;177.974;76.76;;7;42.42;;9;1
1401;197806;;67.178;174.125;74.44;;11;48.76;;4;1
1401;197807;;59.952;160.575;74.8;;29;37.41;;9;1
1401;197808;;53.983;144.587;72.76;;9;19.07;;31;1
1401;197809;;19.444;50.399;39.06;;26;0;;23;1
1402;196110;;0;0;0;;1;0;;1;1
1402;196111;;0;0;0;;1;0;;1;1
1402;196112;;6.387;17.107;47;;29;0;;1;1
1402;196201;;13.258;35.51;60;;14;0;;6;1
1402;196202;;0;0;0;;1;0;;1;1
1402;196203;;4.631;12.403;60;;30;0;;1;1
1402;196204;;5.173;13.409;75;;2;0;;4;1
1402;196205;;0;0;0;;1;0;;1;1
1402;196206;;0;0;0;;1;0;;1;1
1402;196207;;0;0;0;;1;0;;1;1
1402;196208;;0;0;0;;1;0;;1;1
1402;196209;;0;0;0;;1;0;;1;1
1402;196310;;0;0;0;;1;0;;1;1
1402;196311;;0;0;0;;1;0;;1;1
1402;196312;;0.182;0.488;4.75;;6;0;;1;1
1402;196401;;0;0;0;;1;0;;1;1
1402;196402;;4.857;12.169;72.3;;27;0;;1;1
1402;196403;;14.512;38.868;68.75;;22;0;;1;1
1402;196404;;0;0;0;;1;0;;1;1
1402;196405;;0;0;0;;1;0;;1;1
1402;196406;;0;0;0;;1;0;;1;1
1402;196407;;0;0;0;;1;0;;1;1
1402;196408;;0;0;0;;1;0;;1;1
1402;196409;;0;0;0;;1;0;;1;1
1402;196510;;0;0;0;;1;0;;1;1
1402;196511;;0;0;0;;1;0;;1;1
1402;196512;;2.561;6.86;38.99;;7;0;;1;1
1402;196601;;0.772;2.068;12.62;;13;0;;1;1
1402;196602;;1.686;4.08;38.52;;9;0;;1;1
1402;196603;;1.014;2.715;31.42;;8;0;;1;1
1402;196604;;2.009;5.208;32.27;;13;0;;1;1
1402;196605;;0;0;0;;1;0;;1;1
1402;196606;;0;0;0;;1;0;;1;1
1402;196607;;0;0;0;;1;0;;1;1
1402;196608;;0;0;0;;1;0;;1;1
1402;196609;;0;0;0;;1;0;;1;1
1402;196610;;0;0;0;;1;0;;1;1
1402;196611;;0;0;0;;1;0;;1;1
1402;196612;;0;0;0;;1;0;;1;1
1402;196701;;0;0;0;;1;0;;1;1
1402;196702;;0;0;0;;1;0;;1;1
1402;196703;;0;0;0;;1;0;;1;1
1402;196704;;0;0;0;;1;0;;1;1
1402;196705;;0;0;0;;1;0;;1;1
1402;196706;;0;0;0;;1;0;;1;1
1402;196707;;0;0;0;;1;0;;1;1
1402;196708;;0;0;0;;1;0;;1;1
1402;196709;;0;0;0;;1;0;;1;1
1402;196710;;0;0;0;;1;0;;1;1
1402;196711;;0;0;0;;1;0;;1;1
1402;196712;;0;0;0;;1;0;;1;1
1402;196801;;0;0;0;;1;0;;1;1
1402;196802;;0;0;0;;1;0;;1;1
1402;196803;;0;0;0;;1;0;;1;1
1402;196804;;0;0;0;;1;0;;1;1
1402;196805;;0;0;0;;1;0;;1;1
1402;196806;;0;0;0;;1;0;;1;1
1402;196807;;0;0;0;;1;0;;1;1
1402;196808;;0;0;0;;1;0;;1;1
1402;196809;;0;0;0;;1;0;;1;1
1402;196810;;0;0;0;;1;0;;1;1
1402;196811;;0;0;0;;1;0;;1;1
1402;196812;;0;0;0;;1;0;;1;1
1402;196901;;0;0;0;;1;0;;1;1
1402;196902;;0;0;0;;1;0;;1;1
1402;196903;;0;0;0;;1;0;;1;1
1402;196904;;0;0;0;;1;0;;1;1
1402;196905;;0;0;0;;1;0;;1;1
1402;196906;;0;0;0;;1;0;;1;1
1402;196907;;0;0;0;;1;0;;1;1
1402;196908;;0;0;0;;1;0;;1;1
1402;196909;;0;0;0;;1;0;;1;1
1402;196910;;0;0;0;;1;0;;1;1
1402;196911;;0;0;0;;1;0;;1;1
1402;196912;;0;0;0;;1;0;;1;1
1402;197001;;0;0;0;;1;0;;1;1
1402;197002;;0;0;0;;1;0;;1;1
1402;197003;;0;0;0;;1;0;;1;1
1402;197004;;0;0;0;;1;0;;1;1
1402;197005;;0;0;0;;1;0;;1;1
1402;197006;;0;0;0;;1;0;;1;1
1402;197007;;0;0;0;;1;0;;1;1
1402;197008;;0;0;0;;1;0;;1;1
1402;197009;;0;0;0;;1;0;;1;1
1402;197010;;0;0;0;;1;0;;1;1
1402;197011;;0;0;0;;1;0;;1;1
1402;197012;;0;0;0;;1;0;;1;1
1402;197101;;0;0;0;;1;0;;1;1
1402;197102;;0;0;0;;1;0;;1;1
1402;197103;;0;0;0;;1;0;;1;1
1402;197104;;0;0;0;;1;0;;1;1
1402;197105;;0;0;0;;1;0;;1;1
1402;197106;;0;0;0;;1;0;;1;1
1402;197107;;0;0;0;;1;0;;1;1
1402;197108;;0;0;0;;1;0;;1;1
1402;197109;;0;0;0;;1;0;;1;1
1402;197110;;0;0;0;;1;0;;1;1
1402;197111;;0;0;0;;1;0;;1;1
1402;197112;;0;0;0;;1;0;;1;1
1402;197201;;0;0;0;;1;0;;1;1
1402;197202;;0;0;0;;1;0;;1;1
1402;197203;;0;0;0;;1;0;;1;1
1402;197204;;0;0;0;;1;0;;1;1
1402;197205;;0;0;0;;1;0;;1;1
1402;197206;;0;0;0;;1;0;;1;1
1402;197207;;0;0;0;;1;0;;1;1
1402;197208;;0;0;0;;1;0;;1;1
1402;197209;;0;0;0;;1;0;;1;1
1402;197210;;0;0;0;;1;0;;1;1
1402;197211;;0;0;0;;1;0;;1;1
1402;197212;;0;0;0;;1;0;;1;1
1402;197301;;0;0;0;;1;0;;1;1
1402;197302;;0;0;0;;1;0;;1;1
1402;197303;;0;0;0;;1;0;;1;1
1402;197304;;0;0;0;;1;0;;1;1
1402;197305;;0;0;0;;1;0;;1;1
1402;197306;;0;0;0;;1;0;;1;1
1402;197307;;0;0;0;;1;0;;1;1
1402;197308;;0;0;0;;1;0;;1;1
1402;197309;;0;0;0;;1;0;;1;1
1402;197310;;0;0;0;;1;0;;1;1
1402;197311;;0;0;0;;1;0;;1;1
1402;197312;;0;0;0;;1;0;;1;1
1402;197401;;0;0;0;;1;0;;1;1
1402;197402;;0;0;0;;1;0;;1;1
1402;197403;;0;0;0;;1;0;;1;1
1402;197404;;0;0;0;;1;0;;1;1
1402;197405;;0;0;0;;1;0;;1;1
1402;197406;;0;0;0;;1;0;;1;1
1402;197407;;0;0;0;;1;0;;1;1
1402;197408;;0;0;0;;1;0;;1;1
1402;197409;;0;0;0;;1;0;;1;1
1402;197410;;0;0;0;;1;0;;1;1
1402;197411;;0;0;0;;1;0;;1;1
1402;197412;;0;0;0;;1;0;;1;1
1402;197501;;0;0;0;;1;0;;1;1
1402;197502;;0;0;0;;1;0;;1;1
1402;197503;;0;0;0;;1;0;;1;1
1402;197504;;0;0;0;;1;0;;1;1
1402;197505;;0;0;0;;1;0;;1;1
1402;197506;;0;0;0;;1;0;;1;1
1402;197507;;0;0;0;;1;0;;1;1
1402;197508;;0;0;0;;1;0;;1;1
1402;197509;;0;0;0;;1;0;;1;1
1402;197510;;0;0;0;;1;0;;1;1
1402;197511;;0;0;0;;1;0;;1;1
1402;197512;;0;0;0;;1;0;;1;1
1402;197601;;0;0;0;;1;0;;1;1
1402;197602;;0;0;0;;1;0;;1;1
1402;197603;;0;0;0;;1;0;;1;1
1402;197604;;0;0;0;;1;0;;1;1
1402;197605;;0;0;0;;1;0;;1;1
1402;197606;;0;0;0;;1;0;;1;1
1402;197607;;0;0;0;;1;0;;1;1
1402;197608;;0;0;0;;1;0;;1;1
1402;197609;;0;0;0;;1;0;;1;1
1402;197610;;0;0;0;;1;0;;1;1
1402;197611;;0;0;0;;1;0;;1;1
1402;197612;;0;0;0;;1;0;;1;1
1402;197701;;0;0;0;;1;0;;1;1
1402;197702;;7.113;17.207;71.99;;20;0;;1;1
1402;197703;;0;0;0;;1;0;;1;1
1402;197704;;0;0;0;;1;0;;1;1
1402;197705;;0;0;0;;1;0;;1;1
1402;197706;;0;0;0;;1;0;;1;1
1402;197707;;0;0;0;;1;0;;1;1
1402;197708;;0;0;0;;1;0;;1;1
1402;197709;;0;0;0;;1;0;;1;1
1402;197710;;0;0;0;;1;0;;1;1
1402;197711;;0;0;0;;1;0;;1;1
1402;197712;;0;0;0;;1;0;;1;1
1402;197801;;0;0;0;;1;0;;1;1
1402;197802;;11.563;27.972;78.64;;25;0;;1;1
1402;197803;;2;5.357;27.74;;3;0;;5;1
1402;197804;;0;0;0;;1;0;;1;1
1402;197805;;0;0;0;;1;0;;1;1
1402;197806;;0;0;0;;1;0;;1;1
1402;197807;;0;0;0;;1;0;;1;1
1402;197808;;0;0;0;;1;0;;1;1
1402;197809;;0.116;0.302;3.49;;23;0;;1;1
